claim_id,claim,theorem_or_lemma,proof_or_checker,source_or_test,experiment,figure_or_table,raw_result,maturity,fresh_recheck
C1,Minimal-corner checking is equivalent to guard-product safety over unrestricted positive-support powersets,Corner criterion (main Theorem 1; proofs.md section 3),proofs.md §§2–3; src/checker.py:safe_envelope,tests/finite.py,"24,990 relation/box instances",fig:relation,results/finite.json,handwritten proof; finite checked,results/clean-reproduction.json
C2,The bounded synthesizer returns every nondominated expressible candidate-acceptance vector and selects the deterministic optimum from that frontier,Bounded frontier exactness (main Theorem 2; proofs.md Theorem 3),proofs.md §4; src/checker.py:frontier_certificate,tests/frontier.py; tests/frontier_stress.py,"510 exhaustive 3×3 relations; 2,295 seeds; 480 larger 2D stress cases; 192 ternary stress cases",tab:oracles,results/frontier.json; results/frontier-stress.json,handwritten enumeration argument; exhaustive stated 3×3 domain plus sampled 2D/3D stress,results/clean-reproduction.json
C3,The greedy planner can accept product mass 2 while the exact frontier accepts 7,Bounded frontier exactness (main Theorem 2; proofs.md Theorem 3) counterexample,proofs.md §4; independent checker,tests/frontier.py:greedy_counterexample,one exact constructed relation,tab:oracles,results/frontier.json,exact counterexample,results/clean-reproduction.json
C4,Integer candidate weights can select a different frontier member; retained product mass is 80,Bounded frontier exactness (main Theorem 2; proofs.md Theorem 3) objective,proofs.md §4; independent checker,tests/frontier.py:weighted_case,one exact constructed relation,tab:oracles,results/frontier.json,exact constructed case; not a probability claim,results/clean-reproduction.json
C5,A committed nonretired guarded admission remains compatible under model transitions,Guarded lifetime (main Theorem 3; proofs.md section 5),proofs.md §5; src/controller.py; src/network.py,tests/campaign.py; tests/integration.py,144 campaign cases plus directed cuts,tab:campaign,results/network.json; results/integration.json,handwritten proof under premises; bounded measured evidence,results/clean-reproduction.json
C6,Exact frontier installed 154 changes versus greedy 150 and fixed branch 136 with zero campaign incompatibilities,Guarded lifetime premises exercised,src/checker.py; tests/replay.py,tests/campaign.py,"3,456 proposals across six policies",fig:changes; tab:campaign,results/network.json; results/network.csv,bounded generated campaign,results/clean-reproduction.json
C7,Marginal-only local checks can all pass while 55 incompatible snapshots occur,Whole-alternative correlation counterexample,proofs.md §3; src/checker.py,tests/campaign.py,576 marginal proposals; 55 incompatible snapshots,tab:campaign,results/network.json,bounded negative control,results/clean-reproduction.json
C8,Unguarded changes create 484 incompatible snapshots in the retained campaign,Guarded lifetime negative control,tests/replay.py separate reconstruction,tests/campaign.py,576 unguarded proposals,tab:campaign,results/network.json; results/replay.json,bounded negative control,results/clean-reproduction.json
C9,"A separate state machine reconstructs 40,992 RPC exchanges and policy incompatibility counts",Replay consistency,tests/replay.py imports no controller/planner,tests/replay.py,"144 cases; 4,494,882 serialized bytes",tab:campaign,results/replay.json; results/network-trace.jsonl,structurally separate finite replay,results/clean-reproduction.json
C10,Closed floors prevent delayed prepares from resurrecting retired guards within the protocol,No-resurrection argument,proofs.md §6; src/controller.py,tests/finite.py; tests/modelcheck.py; tests/integration.py,296-state protocol model; 445-state endpoint search; directed lost-close and two-origin cases,tab:operations,results/modelcheck.json; results/finite.json; results/integration.json,handwritten argument; exact finite abstractions and directed checks,results/clean-reproduction.json
C11,Returned frozen-vector rejection witnesses have minimum cardinality,Minimum-obstruction induction,proofs.md §7; src/checker.py,tests/finite.py,"65,536 four-atom inputs against brute force",tab:oracles,results/finite.json,handwritten DP proof; exhaustive stated domain,results/clean-reproduction.json
C12,Fresh-read and guarded rules can match snapshot decisions while differing in lifetime protection,Read-to-use race argument,proofs.md §5; observation trace checker,tests/observations.py,576 paired states plus directed race,sec:method; sec:results,results/observations.json,bounded observational experiment,results/clean-reproduction.json
C13,"Checker and holder costs are bounded samples, not production latency",None,tests/costs.py,tests/costs.py,"up to 4,096 corners; 12,000 atoms; 384 holders",fig:corners,results/costs.json,measurement with explicit scope,results/clean-reproduction.json
C14,Four public VibrationEffect factory-introduction facts drive an end-to-end presence/rollback example,None,data/android-history.csv; official source records,data/android-history.csv; official source records; tests/integration.py,five selected API levels,sec:method; sec:results,results/integration.json,public factual slice; illustrative only,results/clean-reproduction.json
B1,"Real API behavioral equivalence, representative Android workloads, multi-host behavior, and production fleet benefit are not established",Not claimed,README.md; literature.md,none,none,limitations,none,explicit nonclaim,CURRENT-STATE.md
B2,The solver is exact only in the bounded declared positive guard language; worst-case search is exponential,Bounded frontier exactness (main Theorem 2; proofs.md Theorem 3) scope,proofs.md §4; bound checks,tests/frontier.py,bounded exact domains,limitations,results/frontier.json,proved scope and explicit nonclaim,results/clean-reproduction.json
C15,MoonlightBox uses the latest introduction among an app's referenced APIs as an assembly-time lower bound and does not establish an upper bound or distributed execution authority,None,literature.md; reference_audit.csv,MoonlightBox full paper; DOI 10.1109/ISSRE.2018.00031,claim-level source audit,sec:related; supplementary source boundary,external_resources.csv,primary full-text and bibliographic metadata verified; used only for positioning,2026-09-11 source audit
C16,Selection is restricted to nondominated frontier members even when zero profile weights create scalar ties,Bounded frontier exactness (main Theorem 2; proofs.md Theorem 3) objective domain,proofs.md §4; src/checker.py:frontier_certificate,tests/frontier.py:zero_weight_frontier_case,"one endpoint; profiles a/b; weights [1,0]",sec:synthesis,results/frontier.json,exact regression for a previously exposed internal defect,results/clean-reproduction.json
C17,The exact planner agrees with direct relation oracles on 480 sparse 4×4/5×5 and 192 sparse 3×3×3 seeded stress cases,Bounded frontier exactness (main Theorem 2; proofs.md Theorem 3) bounded scope,tests/frontier_stress.py direct coordinate-subset oracles,tests/frontier_stress.py,384 seeded 4×4; 96 seeded 5×5; 192 seeded 3×3×3 cases,sec:results,results/frontier-stress.json,bounded deterministic stress; not exhaustive at these dimensions,results/clean-reproduction.json
C18,"The guarded finite protocol abstraction has no compatibility violation or closed-to-held resurrection across 296 states and 1,388 transitions",Invariant 4; no-resurrection argument,proofs.md §8; independent transition system,tests/modelcheck.py,one attempt; two owners; one atom; one nonwrapping sequence,sec:results,results/modelcheck.json,exact finite abstraction; cleanup is reachability not fairness,results/clean-reproduction.json
C19,Five independent same-host owner processes retain acknowledged guards across three SIGKILL events and complete cleanup after healing,Lifetime and no-resurrection implementation cuts,tests/multiprocess.py; process_tcp_endpoint.py,tests/multiprocess.py,5 listeners; 5 SQLite files; 89 RPCs; 3 SIGKILLs,sec:results,results/multiprocess.json,same-host directed failure evidence; not WAN or power-loss durability,results/clean-reproduction.json
C20,Twenty-four curated Android class-introduction facts support 48 boundary checks and 192 generated assembly-lower-bound checks,None,tests/public_history.py offline audit,data/android-class-introductions.csv; official row-level URLs,API 8–34; 18 introduction levels; 96 generated reference sets,sec:method; sec:results,results/public-history.json,curated declaration-history slice; not representative or behavioral,results/clean-reproduction.json
C21,"A clean standalone run completes 17 jobs, including five discoverable unit tests, and semantically matches 23 retained outputs under recorded bounds with per-job failure diagnostics",Reproduction consistency,reproduce.py,clean standalone reproduction,17 sequential jobs; 17 JSON + 4 CSV + 2 JSONL; 33 numeric bindings,supplementary evidence boundary,results/clean-reproduction.json; results/unit.json,internal semantic reproduction and discoverable smoke tests; timing and RSS excluded,results/clean-reproduction.json
C22,The independent frontier checker uses the same visited-prefix bound semantics as the producer and rejects corrupted frontier metadata,Bounded frontier exactness (main Theorem 2; proofs.md Theorem 3) checker obligation,src/checker.py:frontier_certificate; REPAIRS.md R4–R5,tests/frontier_stress.py:high_pruning_checker,"260,876 raw local combinations; 37 visited prefixes; 8 output mutations",sec:results; sec:synthesis,results/frontier-stress.json,exact regression and negative mutation checks; not an independent implementation team,results/clean-reproduction.json
C23,Origin-indexed floors isolate overlapping durable holds from two serial origins at one endpoint,No-resurrection argument,proofs.md §6; src/controller.py; src/network.py,tests/integration.py:multi_origin_isolation,2 origins; shared endpoint restart; one lost close; independent floor advancement,sec:protocol; sec:results,results/integration.json,directed same-host cut; not concurrent failover or Byzantine evidence,results/clean-reproduction.json
C24,Persistent target channels preserve the logical campaign while avoiding one ephemeral TCP connection per RPC,None,src/network.py; tests/replay.py,tests/campaign.py; tests/observations.py; REPAIRS.md R6,"1,008 managed campaign connections for 40,992 RPCs; 121 observation connections",sec:method; supplementary evidence boundary,results/network.json; results/observations.json; results/replay.json,repeatability repair; loopback transport only,results/clean-reproduction.json
C25,"Durable stores, certificates, RPC objects, and mutable caller inputs fail closed or are detached under the retained adversarial hardening suite",Runtime implementation obligation,src/controller.py durable-state validation; src/network.py request/state validation; src/checker.py exact certificate schemas,tests/hardening.py,12 certificate schema mutations; 11 endpoint-store corruptions; 12 origin-store corruptions; 7 unknown-field RPCs; 64 prepare/install races; 3 input snapshots; 1 atomic blocked change,sec:method; sec:protocol; sec:results; supplementary evidence boundary,results/hardening.json,implementation checked with retained adversarial regressions; not Byzantine or disk-loss evidence,results/clean-reproduction.json
B3,"The availability-frontier combinatorial object is classical: binary members are maximal bicliques/formal concepts and higher-arity closed products have prior enumeration literature; novelty is limited to the API-rollout specialization, certificate, and durable runtime binding",Novelty boundary,proofs.md §1; literature.md,Peeters 2003; Alexe et al. 2004; Ganter and Wille 1999; Cerf et al. 2008,not an experimental claim,sec:intro; sec:related,reference_audit.csv; reference_sources.csv,explicit prior-art boundary; no new maximal-box claim,paper/audit_references.py in complete project
C26,"A post-development generated holdout of 1,440 cases and 69,120 proposals matches an independent subset oracle with no safety violation; exact installs 11,256 changes versus greedy 10,854, while greedy wins 156 schedules and a centralized same-order reference installs 16,170",Bounded frontier exactness (main Theorem 2; proofs.md Theorem 3) bounded scope,tests/generalization.py direct subset oracle; src/checker.py,tests/generalization.py,6 unseen generators; seeds 1000–1239; 48 proposals per case,tab:holdout; sec:results,results/generalization.json; results/generalization.csv,"post-development synthetic holdout; not external, representative, or statistically independent",results/clean-reproduction.json
C27,A bounded synthesis stress sweep covers 130 two- and three-dimensional cases with 3–8 profiles per owner and confirms explicit local-library and search-state failure-closed behavior,Bounded frontier exactness (main Theorem 2; proofs.md Theorem 3) bounded scope,src/checker.py:frontier_certificate,tests/scaling.py,130 generated cases; 2D and 3D; explicit bound failures,supplementary evidence boundary,results/scaling.json; results/scaling.csv,local synthetic stress; not an asymptotic or production benchmark,results/clean-reproduction.json
C28,"The manuscript contains 76 unique scholarly references, all cited and mapped in first-citation order to a source pointer with explicit verification depth",Reference integrity,paper/audit_references.py in complete project,reference_audit.csv; reference_sources.csv,76 bibliography entries; 85 citation occurrences; 0 unknown or unused keys,references; supplementary source boundary,reference_audit.csv; reference_sources.csv,bibliographic source traceability; not full-text verification of every cited work,paper build audit in complete project
C29,"The published core API has a discoverable standard-library smoke suite covering exact certification, marginal unsafety, greedy safety, bound rejection, and delayed-prepare non-resurrection",Implementation regression gate,unittest discovery,tests/test_smoke.py; tests/unit.py,5 tests; 0 failures; 0 errors,supplementary evidence boundary,results/unit.json,small discoverable smoke suite in addition to 16 other bounded jobs,results/clean-reproduction.json
J1,Static maximum mass has no positive worst-case ratio for scheduled installed changes,"Proposition 1 in paper, arbitrary T proof",proofs.md; independent certificate,tests/journal_analysis.py:schedule_counterexample,T=100 executable instance,sec:proofs; sec:results,results/journal-analysis.json,handwritten general counterexample with finite executable instance,results/clean-reproduction.json
J2,Paired mean exact-minus-greedy is 0.279167 on the fixed synthetic families,conditional resampling definition,tests/journal_analysis.py:paired_analysis,results/generalization.csv,4000 joint seed-cluster replicates,tab:holdout; supplement tab:paired,results/journal-analysis.json,measured conditional synthetic sensitivity; not external generalization,results/clean-reproduction.json
J3,Six of 24 denser synthesis calls refuse the search budget; max completed states 1731 and frontier 27,bounded execution semantics,independent frontier_certificate,tests/journal_analysis.py:stress_case,all 12 instances at two budgets,supplement tab:stress,results/journal-analysis.json,measured bounded stress; all refusals retained,results/clean-reproduction.json
