name,official_or_scholarly_url,license_or_rights,access_date,resource_type,acquisition_method,integration_mode,supported_claim,internals_modified
Android VibrationEffect reference,https://developer.android.com/reference/android/os/VibrationEffect,factual API records; no prose copied,2026-09-12,official API reference,manual row-level extraction of four whitelisted introduction facts,exact CSV retained,four-factory presence/rollback example,no
AOSP VibrationEffect source (Android 8.0),https://github.com/aosp-mirror/platform_frameworks_base/blob/android-8.0.0_r1/core/java/android/os/VibrationEffect.java,Apache-2.0 upstream,2026-09-11,official public source mirror,read through GitHub connector,consulted; not bundled,factory declaration provenance,no
AOSP public API signature (Android 9),https://github.com/aosp-mirror/platform_frameworks_base/blob/android-9.0.0_r1/api/current.txt,Apache-2.0 upstream,2026-09-11,official public source mirror,read through GitHub connector,consulted; not bundled,public signature cross-check,no
Android framework class reference pages (24-row curated slice),https://developer.android.com/reference,factual API-level metadata; no documentation prose copied,2026-09-12,official API references,manual row-level verification; exact per-class URLs retained in data/android-class-introductions.csv,24-row CSV retained and audited offline,declaration-presence boundaries and generated assembly-time lower-bound checks only,no
AOSP API versions history source boundary,https://android.googlesource.com/platform/development/+/a278b15cda8a07a97686370cb5e944fb4f6bc824/sdk/api-versions.xml,AOSP upstream; file not bundled,2026-09-16,immutable official Gitiles metadata; commit a278b15cda8a07a97686370cb5e944fb4f6bc824; blob 16316e39d865c417a0fcd9c630861d9c8cc75efb; size 3539324 bytes,"official Gitiles metadata verified exact path, blob, and byte size; complete bytes not reliably acquired",fixed source boundary only; full file excluded from experiments and delivery,future complete-history acquisition target; no corpus result,no
Header Space Analysis,https://www.usenix.org/conference/nsdi12/technical-sessions/presentation/kazemian,USENIX open-access paper,2026-09-11,peer-reviewed scholarly paper,primary full text structural read,literature positioning only,network-verification model/evaluation pattern,no
A NICE Way to Test OpenFlow Applications,https://www.usenix.org/conference/nsdi12/technical-sessions/presentation/canini,USENIX open-access paper,2026-09-11,peer-reviewed scholarly paper,primary full text structural read,literature positioning only,systematic testing pattern,no
VeriFlow,https://www.usenix.org/conference/nsdi13/technical-sessions/presentation/khurshid,USENIX open-access paper,2026-09-11,peer-reviewed scholarly paper,primary full text structural read,related-work comparison,incremental invariant checking,no
NetPlumber,https://www.usenix.org/conference/nsdi13/technical-sessions/presentation/kazemian,USENIX open-access paper,2026-09-11,peer-reviewed scholarly paper,primary full text structural read,related-work comparison,incremental dependency-graph verification,no
Warranties for Faster Strong Consistency,https://www.usenix.org/conference/nsdi14/technical-sessions/presentation/liu_jed,USENIX open-access paper,2026-09-11,peer-reviewed scholarly paper,primary full text and erratum read,related-work comparison,active assertions block invalidating writes,no
Enforcing Customizable Consistency Properties in SDNs,https://www.usenix.org/conference/nsdi15/technical-sessions/presentation/zhou,USENIX open-access paper,2026-09-11,peer-reviewed scholarly paper,primary full text structural read,related-work comparison,safe transitions under uncertainty,no
CoVisor,https://www.usenix.org/conference/nsdi15/technical-sessions/presentation/jin,USENIX open-access paper,2026-09-11,peer-reviewed scholarly paper,primary full text structural read,literature positioning only,compositional network control,no
Kinetic,https://www.usenix.org/conference/nsdi15/technical-sessions/presentation/kim,USENIX open-access paper,2026-09-11,peer-reviewed scholarly paper,primary full text structural read,literature positioning only,verifiable dynamic control,no
Liveness Verification of Stateful Network Functions,https://www.usenix.org/conference/nsdi20/presentation/yousefi,USENIX open-access paper,2026-09-11,peer-reviewed scholarly paper,primary full text structural read,literature positioning only,compositional verification/evaluation pattern,no
Synthesizing Runtime Programmable Switch Updates,https://www.usenix.org/conference/nsdi23/presentation/qiu,USENIX open-access paper,2026-09-11,peer-reviewed scholarly paper,primary full text structural read,related-work comparison,safe resource-feasible update synthesis,no
On Temporal Verification of Stateful P4 Programs,https://www.usenix.org/conference/nsdi25/presentation/zhang-delong,USENIX open-access paper,2026-09-11,peer-reviewed scholarly paper,primary full text structural read,literature positioning only,temporal verification pattern,no
NDD,https://www.usenix.org/conference/nsdi25/presentation/li-zechun,USENIX open-access paper,2026-09-11,peer-reviewed scholarly paper,primary full text structural read,literature positioning only,representation and cross-system evaluation pattern,no
MeshTest,https://www.usenix.org/conference/nsdi25/presentation/zheng-naiqian,USENIX open-access paper,2026-09-11,peer-reviewed scholarly paper,primary full text structural read,literature positioning only,formal oracle plus generated test evidence,no
Predictive Treaties,https://www.cs.cornell.edu/andru/papers/ptreaties/ptreaties.pdf,author-hosted paper; ACM copyright notice,2026-09-11,adjacent full paper,primary full text read,related-work comparison,local predicates collectively imply global predicate,no
Coordination Avoidance in Database Systems,https://arxiv.org/pdf/1402.2237,author preprint,2026-09-11,adjacent full paper,primary full text read,related-work comparison,invariant confluence,no
The Homeostasis Protocol,https://arxiv.org/pdf/1403.2307,author preprint,2026-09-11,adjacent full paper,primary full text read,related-work comparison,program-derived local treaties,no
Morpheus,https://arxiv.org/pdf/1509.03614,author preprint,2026-09-11,adjacent full paper,primary full text read,related-work comparison,safe controller state transfer,no
Blazes,https://arxiv.org/pdf/1309.3324,author preprint,2026-09-11,adjacent full paper,primary full text read,related-work comparison,coordination analysis/synthesis,no
MoonlightBox full paper and institutional record,https://doi.org/10.1109/ISSRE.2018.00031,IEEE paper metadata; ORBilu author-preprint record; no paper bundled,2026-09-11,historical peer-reviewed full paper,full-text claim passage plus DOI and institutional metadata read,related-work boundary and source-to-question connection only,latest referenced-API introduction is a lower bound on one app assembly time; no upper bound; centralized scope,no
A Systematic Review of API Evolution Literature,https://doi.org/10.1145/3470133,ACM publication record; no paper bundled,2026-09-11,peer-reviewed survey,publisher metadata and abstract/full-text sections read,related-work taxonomy only,API-evolution literature scope and unresolved benchmark/impact challenges,no
CiD: Automating the Detection of API-Related Compatibility Issues in Android Apps,https://doi.org/10.1145/3213846.3213857,ACM publication record; no artifact code integrated,2026-09-11,peer-reviewed Android compatibility paper,publisher/bibliographic metadata and abstract read,related-work comparison only,lifecycle mining plus static detection of API-related app compatibility issues,no
Automatically Detecting Incompatible Android APIs,https://doi.org/10.1145/3624737,ACM publication record; no artifact code integrated,2026-09-11,peer-reviewed Android compatibility paper,publisher full record and abstract read,related-work comparison only,systematic incompatible-API harvesting across official and customized frameworks,no
An Empirical Study on Compatibility Issues in Android API Field Evolution,https://doi.org/10.1016/j.infsof.2024.107530,Elsevier publication record; no paper bundled,2026-09-11,peer-reviewed Android compatibility paper,publisher metadata and abstract/method summary read,related-work comparison only,field evolution creates compatibility issues missed by method-only analysis,no
The Maximum Edge Biclique Problem Is NP-Complete,https://doi.org/10.1016/S0166-218X(03)00333-0,publisher metadata; no paper bundled,2026-09-21,peer-reviewed combinatorial complexity paper,publisher/DOI metadata and claim-level record checked,related-work and complexity boundary only,maximum edge biclique is NP-complete,no
Consensus Algorithms for the Generation of All Maximal Bicliques,https://doi.org/10.1016/j.dam.2003.09.004,publisher metadata; no paper bundled,2026-09-21,peer-reviewed maximal-biclique enumeration paper,publisher/DOI metadata and claim-level record checked,novelty boundary only,complete maximal-biclique enumeration predates this work,no
Formal Concept Analysis: Mathematical Foundations,https://doi.org/10.1007/978-3-642-59830-2,publisher metadata; no book bundled,2026-09-21,scholarly monograph,publisher metadata and scope checked,novelty boundary only,binary maximal products have a formal-concept closure view,no
Data-Peeler: Constraint-Based Closed Pattern Mining in n-ary Relations,https://doi.org/10.1137/1.9781611972788.4,publisher metadata; no paper bundled,2026-09-21,peer-reviewed n-ary closed-pattern paper,official SIAM metadata and abstract scope checked,novelty boundary only,closed product patterns in n-ary relations predate this work,no
IEEEtran Computer Society journal class and bibliography style,https://www.overleaf.com/latex/templates/ieee-demo-template-for-computer-science-journals/fxrxvtcsjqmm,LPPL class; IEEEtran BST notices retained,2026-09-23,publisher template family,primary web record or installed unmodified template,unmodified class/style in paper; no font files,unmodified class/style in paper; no font files,no
Acute Cloud Types,https://doi.org/10.1109/TPDS.2021.3090318,publisher/author record; no article redistributed,2026-09-23,scholarly reference,primary web record or installed unmodified template,mixed-consistency comparison only,mixed-consistency comparison only,no
Optimistic Causal Consistency,https://doi.org/10.1109/TPDS.2020.3026778,publisher/author record; no article redistributed,2026-09-23,scholarly reference,primary web record or installed unmodified template,causal visibility distinction only,causal visibility distinction only,no
Bootstrap Methods: Another Look at the Jackknife,https://doi.org/10.1214/aos/1176344552,publisher record; no article redistributed,2026-09-23,scholarly reference,primary web record or installed unmodified template,resampling foundation; study-specific clusters and limits explicit,resampling foundation; study-specific clusters and limits explicit,no
IEEE TPDS scope and ongoing call,https://www.computer.org/digital-library/journals/td/cfp-parallel-distributed-systems,IEEE Computer Society web terms,2026-09-23,official journal scope and workflow record,current first-party page read,template provenance and target-scope record only; not scientific input,"TPDS covers distributed algorithms, protocols, fault resilience, runtime systems, and resource management; submissions ongoing",no
IEEE Computer Society author guidelines,https://www.computer.org/publications/author-resources,IEEE Computer Society web terms,2026-09-23,official author policy,current first-party page read,template provenance and submission checklist only; not scientific input,journal template required; 100-200 word abstract; first-citation references; 12-page Transactions length; separate supplement; ORCID and review-mode requirements,no
IEEE Author Center tools and template selector,https://ieeeauthorcenter.ieee.org/author-tools/,IEEE web terms,2026-09-23,official authoring resource,current first-party page read,template provenance only; not scientific input,IEEE template-selection and authoring workflow source,no
IEEEtran public package,https://ctan.org/pkg/ieeetran,LaTeX Project Public License 1.3,2026-09-23,public publisher-template package,CTAN package record plus local byte comparison,unmodified IEEEtran.cls V1.8b and IEEEtran.bst 1.14 bundled in paper directory,current public IEEEtran package version and class family,no
IEEE AI-generated-content author policy,https://open.ieee.org/author-guidelines-for-artificial-intelligence-ai-generated-text/,IEEE web terms,2026-09-23,official publication policy,current first-party page read,truthful manuscript acknowledgment and submission checklist only,"identify the AI system, affected sections, and level of use in acknowledgments",no
FlexRaft: Exploiting Flexible Erasure Coding for Minimum-Cost Consensus and Fast Recovery,https://doi.org/10.1109/TPDS.2024.3443424,publisher or institutional bibliographic record; no article redistributed,2026-09-23,TPDS journal calibration article,publisher/institutional/DBLP metadata and abstract-level record,tpds_calibration.csv structural calibration only; no implementation integrated,fault-tolerant consensus and recovery calibration,no
On the Message Complexity of Fault-Tolerant Computation: Leader Election and Agreement,https://doi.org/10.1109/TPDS.2023.3239993,publisher or institutional bibliographic record; no article redistributed,2026-09-23,TPDS journal calibration article,publisher/institutional/DBLP metadata and abstract-level record,tpds_calibration.csv structural calibration only; no implementation integrated,distributed-algorithm proof and fault-model calibration,no
Differentiated Consistency for Worldwide Gossips,https://doi.org/10.1109/TPDS.2022.3209150,publisher or institutional bibliographic record; no article redistributed,2026-09-23,TPDS journal calibration article,publisher/institutional/DBLP metadata and abstract-level record,tpds_calibration.csv structural calibration only; no implementation integrated,consistency-metric and large-simulation calibration,no
GossipFL: A Decentralized Federated Learning Framework With Sparsified and Adaptive Communication,https://doi.org/10.1109/TPDS.2022.3230938,publisher or institutional bibliographic record; no article redistributed,2026-09-23,TPDS journal calibration article,publisher/institutional/DBLP metadata and abstract-level record,tpds_calibration.csv structural calibration only; no implementation integrated,distributed communication and evaluation calibration,no
HiFlash: Communication-Efficient Hierarchical Federated Learning With Adaptive Staleness Control and Heterogeneity-Aware Client-Edge Association,https://doi.org/10.1109/TPDS.2023.3238049,publisher or institutional bibliographic record; no article redistributed,2026-09-23,TPDS journal calibration article,publisher/institutional/DBLP metadata and abstract-level record,tpds_calibration.csv structural calibration only; no implementation integrated,"staleness, heterogeneity, and systems-evaluation calibration",no
Edge Data Deduplication Under Uncertainties: A Robust Optimization Approach,https://doi.org/10.1109/TPDS.2024.3493959,publisher or institutional bibliographic record; no article redistributed,2026-09-23,TPDS journal calibration article,publisher/institutional/DBLP metadata and abstract-level record,tpds_calibration.csv structural calibration only; no implementation integrated,edge-resource optimization calibration,no
Distributed Semi-Supervised Learning With Consensus Consistency on Edge Devices,https://doi.org/10.1109/TPDS.2023.3340707,publisher or institutional bibliographic record; no article redistributed,2026-09-23,TPDS journal calibration article,publisher/institutional/DBLP metadata and abstract-level record,tpds_calibration.csv structural calibration only; no implementation integrated,edge testbed and distributed-method evaluation calibration,no
GeoDeploy: Geo-Distributed Application Deployment Using Benchmarking,https://doi.org/10.1109/TPDS.2024.3470532,publisher or institutional bibliographic record; no article redistributed,2026-09-23,TPDS journal calibration article,publisher/institutional/DBLP metadata and abstract-level record,tpds_calibration.csv structural calibration only; no implementation integrated,geo-distributed deployment and evaluation calibration,no
