reference_number,key,title,year,category,verification_basis,role_in_argument,body_citation_count,cited_in_body
1,cloudlets,The Case for VM-Based Cloudlets in Mobile Computing,2009,edge execution context,publisher/venue bibliographic metadata and claim-scoped abstract or text checked,Early systems motivation for geographically proximate edge execution.,1,yes
2,edgevision,Edge Computing: Vision and Challenges,2016,edge execution context,publisher/venue bibliographic metadata and claim-scoped abstract or text checked,Edge-computing systems scope and challenges.,1,yes
3,emergence,The Emergence of Edge Computing,2017,edge execution context,publisher/venue bibliographic metadata and claim-scoped abstract or text checked,Edge-computing context; does not supply evidence for this workload.,1,yes
4,warranties,Warranties for Faster Strong Consistency,2014,predicate reservation and coordination avoidance,primary full text structurally read; bibliographic metadata checked,Closest systems ancestor for preserving active assertions by blocking invalidating writes.,2,yes
5,homeostasis,The Homeostasis Protocol: Avoiding Transaction Coordination Through Program Analysis,2015,predicate reservation and coordination avoidance,primary full text structurally read; bibliographic metadata checked,Closest program-analysis ancestor for deriving locally enforceable treaties.,2,yes
6,treaties,"Efficient, Consistent Distributed Computation with Predictive Treaties",2019,predicate reservation and coordination avoidance,primary full text structurally read; bibliographic metadata checked,Closest explicit local-predicate-to-global-predicate composition ancestor.,2,yes
7,blazes,Blazes: Coordination Analysis for Distributed Programs,2014,predicate reservation and coordination avoidance,primary full text structurally read; bibliographic metadata checked,Program-property analysis that synthesizes where coordination is required.,2,yes
8,iconfluence,Coordination Avoidance in Database Systems,2014,predicate reservation and coordination avoidance,primary full text structurally read; bibliographic metadata checked,Broader necessary/sufficient semantic boundary for coordination-free invariant preservation.,2,yes
9,maxbicliques,Consensus Algorithms for the Generation of All Maximal Bicliques,2004,maximal-product enumeration and complexity,publisher/institutional metadata and abstract checked against DOI 10.1016/j.dam.2003.09.004,Classical complete maximal-biclique enumeration; novelty boundary for the frontier.,2,yes
10,fca,Formal Concept Analysis: Mathematical Foundations,1999,maximal-product enumeration and complexity,Springer book metadata checked against DOI 10.1007/978-3-642-59830-2,Closure and maximal-rectangle perspective; novelty boundary.,1,yes
11,datapeeler,Data-Peeler: Constraint-Based Closed Pattern Mining in n-ary Relations,2008,maximal-product enumeration and complexity,SIAM proceedings metadata and abstract checked against DOI 10.1137/1.9781611972788.4,Prior n-ary closed-pattern enumeration; novelty boundary beyond binary bicliques.,2,yes
12,peeters,The Maximum Edge Biclique Problem Is NP-Complete,2003,maximal-product enumeration and complexity,publisher metadata and abstract checked against DOI 10.1016/S0166-218X(03)00333-0,NP-completeness boundary for the two-owner maximum edge-biclique special case.,2,yes
13,bootstrap,Bootstrap Methods: Another Look at the Jackknife,1979,statistical methodology,Original DOI bibliographic record and original-method abstract,Resampling foundation only; seed-cluster scheme and restricted interpretation are specified by this study,1,yes
14,moonlight,MoonlightBox: Mining Android API Histories for Uncovering Release-Time Inconsistencies,2018,API evolution and Android compatibility,primary full text claim passage and DOI/institutional metadata checked,Historical source: API-history lower bound on one app assembly time; centralized rather than distributed authority.,2,yes
15,indigo,Putting Consistency Back into Eventual Consistency,2015,distributed consistency and convergence,publisher/venue bibliographic metadata and claim-scoped abstract or text checked,Reservation-based application invariants under weak consistency.,1,yes
16,hats,Highly Available Transactions: Virtues and Limitations,2013,distributed consistency and convergence,publisher/venue bibliographic metadata and claim-scoped abstract or text checked,Availability/transaction boundary under partitions.,1,yes
17,bloomcalm,Consistency Analysis in Bloom: A CALM and Collected Approach,2011,distributed consistency and convergence,publisher/venue bibliographic metadata and claim-scoped abstract or text checked,CALM-based program analysis for identifying coordination requirements.,1,yes
18,keepingcalm,Keeping CALM: When Distributed Consistency Is Easy,2020,distributed consistency and convergence,publisher/venue bibliographic metadata and claim-scoped abstract or text checked,Accessible formulation of monotonicity and coordination boundaries.,1,yes
19,quiver,Quiver: Consistent Object Sharing for Edge Services,2008,edge consistency and object migration,publisher/DBLP metadata and abstract checked,Edge proxy consistency and object migration comparison; distinguished from workload-specific mutation authorization.,1,yes
20,survivableupdates,"Scalable, Confidential and Survivable Software Updates",2022,distributed software-update systems,publisher/institutional metadata and abstract checked,Resilient distributed update-delivery comparison; distinguished from API-contract admission and live guard enforcement.,1,yes
21,bayou,"Managing Update Conflicts in Bayou, a Weakly Connected Replicated Storage System",1995,distributed consistency and convergence,publisher/venue bibliographic metadata and claim-scoped abstract or text checked,Classic weakly connected replication and conflict-management context.,1,yes
22,dynamo,Dynamo: Amazon's Highly Available Key-Value Store,2007,distributed consistency and convergence,publisher/venue bibliographic metadata and claim-scoped abstract or text checked,Classic highly available key-value replication context.,1,yes
23,cops,Don't Settle for Eventual: Scalable Causal Consistency for Wide-Area Storage with COPS,2011,distributed consistency and convergence,publisher/venue bibliographic metadata and claim-scoped abstract or text checked,Causal wide-area storage context and dependency enforcement.,1,yes
24,crdt,Conflict-Free Replicated Data Types,2011,distributed consistency and convergence,publisher/venue bibliographic metadata and claim-scoped abstract or text checked,Convergence-by-construction baseline for replicated data types.,1,yes
25,crdtspec,"Replicated Data Types: Specification, Verification, Optimality",2014,distributed consistency and convergence,publisher/venue bibliographic metadata and claim-scoped abstract or text checked,Specification and optimality framework for replicated data types.,1,yes
26,deltacrdt,Delta State Replicated Data Types,2018,distributed consistency and convergence,publisher/venue bibliographic metadata and claim-scoped abstract or text checked,Delta-state dissemination baseline separating convergence from authority.,1,yes
27,acute,On Mixing Eventual and Strong Consistency: Acute Cloud Types,2022,mixed-consistency systems,Authors' arXiv abstract and publication list; journal metadata,Distinguishes mixed eventual/strong operations from planning catalogs and future-update guards,1,yes
28,optimistic,Optimistic Causal Consistency for Geo-Replicated Key-Value Stores,2021,causal consistency,IBM Research author publication page and abstract; journal metadata,Distinguishes serving causally safe versions from preserving admissible future support products,1,yes
29,networkupdate,Abstractions for Network Update,2012,consistent network update and verification,publisher/venue bibliographic metadata and claim-scoped abstract or text checked,Foundational per-packet consistent network-update abstraction.,1,yes
30,zupdate,zUpdate: Updating Data Center Networks with Zero Loss,2013,consistent network update and verification,publisher/venue bibliographic metadata and claim-scoped abstract or text checked,Loss-free data-center update scheduling comparator.,1,yes
31,dionysus,Dynamic Scheduling of Network Updates,2014,consistent network update and verification,publisher/venue bibliographic metadata and claim-scoped abstract or text checked,Dynamic scheduling of network update steps under dependencies.,1,yes
32,ezsegway,ez-Segway: Decentralized Consistent Network Updates,2017,consistent network update and verification,publisher/venue bibliographic metadata and claim-scoped abstract or text checked,Decentralized consistent update protocol comparator.,1,yes
33,hsa,Header Space Analysis: Static Checking for Networks,2012,"network control, update, and venue calibration",primary full text structurally read; bibliographic metadata checked,Foundational symbolic network model and venue-native exact-analysis calibration.,1,yes
34,anteater,Debugging the Data Plane with Anteater,2011,consistent network update and verification,publisher/venue bibliographic metadata and claim-scoped abstract or text checked,Data-plane invariant debugging and counterexample generation.,1,yes
35,veriflow,VeriFlow: Verifying Network-Wide Invariants in Real Time,2013,"network control, update, and venue calibration",primary full text structurally read; bibliographic metadata checked,Incremental pre-install invariant verification comparator.,1,yes
36,netplumber,Real Time Network Policy Checking Using Header Space Analysis,2013,"network control, update, and venue calibration",primary full text structurally read; bibliographic metadata checked,Incremental dependency-graph policy checking comparator.,1,yes
37,batfish,A General Approach to Network Configuration Analysis,2015,consistent network update and verification,publisher/venue bibliographic metadata and claim-scoped abstract or text checked,Configuration analysis and concrete counterexample comparator.,1,yes
38,minesweeper,A General Approach to Network Configuration Verification,2017,consistent network update and verification,publisher/venue bibliographic metadata and claim-scoped abstract or text checked,General network configuration verification comparator.,1,yes
39,vericon,VeriCon: Towards Verifying Controller Programs in Software-Defined Networks,2014,consistent network update and verification,publisher/venue bibliographic metadata and claim-scoped abstract or text checked,Controller-program verification comparator.,1,yes
40,ccg,Enforcing Customizable Consistency Properties in Software-Defined Networks,2015,"network control, update, and venue calibration",primary full text structurally read; bibliographic metadata checked,Uncertain-transition consistency enforcement comparator.,1,yes
41,kinetic,Kinetic: Verifiable Dynamic Network Control,2015,"network control, update, and venue calibration",primary full text structurally read; bibliographic metadata checked,Verifiable dynamic network-control policy comparator.,1,yes
42,covisor,CoVisor: A Compositional Hypervisor for Software-Defined Networks,2015,"network control, update, and venue calibration",primary full text structurally read; bibliographic metadata checked,Composition of independently authored control policies.,1,yes
43,morpheus,Morpheus: Safe and Flexible Controller Upgrades for SDNs,2016,"network control, update, and venue calibration",primary full text structurally read; bibliographic metadata checked,"Controller-state transfer during upgrades, explicitly outside this work.",1,yes
44,flexplan,Synthesizing Runtime Programmable Switch Updates,2023,"network control, update, and venue calibration",primary full text structurally read; bibliographic metadata checked,Exact resource-feasible update synthesis comparator; distinguishes product selection from scheduling.,1,yes
45,liveness,Liveness Verification of Stateful Network Functions,2020,"network control, update, and venue calibration",primary full text structurally read; bibliographic metadata checked,Stateful network-function liveness verification boundary.,1,yes
46,p4tv,On Temporal Verification of Stateful P4 Programs,2025,"network control, update, and venue calibration",primary full text structurally read; bibliographic metadata checked,Temporal verification comparator for stateful programmable networks.,1,yes
47,ndd,NDD: A Decision Diagram for Network Verification,2025,"network control, update, and venue calibration",primary full text structurally read; bibliographic metadata checked,Recent network-verification representation and evaluation calibration.,1,yes
48,nice,A NICE Way to Test OpenFlow Applications,2012,"network control, update, and venue calibration",primary full text structurally read; bibliographic metadata checked,Systematic model-checking baseline for asynchronous controller behavior.,1,yes
49,meshtest,MeshTest: End-to-End Testing for Service Mesh Traffic Management,2025,"network control, update, and venue calibration",primary full text structurally read; bibliographic metadata checked,Recent formal-oracle plus generated-case testing calibration.,1,yes
50,howapi,How Do APIs Evolve? A Story of Refactoring,2006,API evolution and Android compatibility,publisher/venue bibliographic metadata and claim-scoped abstract or text checked,Foundational empirical account of API evolution through refactoring.,1,yes
51,groundtruth,Seeking the Ground Truth: A Retroactive Study on the Evolution and Migration of Software Libraries,2012,API evolution and Android compatibility,publisher/venue bibliographic metadata and claim-scoped abstract or text checked,Retroactive library migration study establishing the difficulty of migration ground truth.,1,yes
52,catchup,CatchUp! Capturing and Replaying Refactorings to Support API Evolution,2005,API evolution and Android compatibility,publisher/venue bibliographic metadata and claim-scoped abstract or text checked,Refactoring capture/replay approach for API migration.,1,yes
53,semdiff,SemDiff: Analysis and Recommendation Support for API Evolution,2009,API evolution and Android compatibility,publisher/venue bibliographic metadata and claim-scoped abstract or text checked,Recommendation support for API evolution outside Android.,1,yes
54,apistability,An Empirical Study of API Stability and Adoption in the Android Ecosystem,2013,API evolution and Android compatibility,publisher/venue bibliographic metadata and claim-scoped abstract or text checked,Empirical evidence that Android APIs evolve and adoption lags across the ecosystem.,1,yes
55,apifault,API Change and Fault Proneness: A Threat to the Success of Android Apps,2013,API evolution and Android compatibility,publisher/venue bibliographic metadata and claim-scoped abstract or text checked,Empirical link between Android API changes and app fault proneness.,1,yes
56,inaccessible,Accessing Inaccessible Android APIs: An Empirical Study,2016,API evolution and Android compatibility,publisher/venue bibliographic metadata and claim-scoped abstract or text checked,Characterization of Android non-SDK/inaccessible API use.,1,yes
57,deprecated,Characterising Deprecated Android APIs,2018,API evolution and Android compatibility,publisher/venue bibliographic metadata and claim-scoped abstract or text checked,Characterization of Android API deprecation and developer response.,1,yes
58,apireview,A Systematic Review of API Evolution Literature,2021,API evolution and Android compatibility,publisher/venue bibliographic metadata and claim-scoped abstract or text checked,Systematic map of API-evolution research used to bound literature coverage.,1,yes
59,cid,CiD: Automating the Detection of API-Related Compatibility Issues in Android Apps,2018,API evolution and Android compatibility,publisher/venue bibliographic metadata and claim-scoped abstract or text checked,Static detection of API-related Android compatibility issues from framework evolution.,1,yes
60,evolcompat,Understanding and Detecting Evolution-Induced Compatibility Issues in Android Apps,2018,API evolution and Android compatibility,publisher/venue bibliographic metadata and claim-scoped abstract or text checked,Detection of evolution-induced Android compatibility issues.,1,yes
61,fragmentation,Understanding and Detecting Fragmentation-Induced Compatibility Issues for Android Apps,2020,API evolution and Android compatibility,publisher/venue bibliographic metadata and claim-scoped abstract or text checked,Device/version fragmentation-induced Android compatibility analysis.,1,yes
62,andromevol,Automatically Detecting Incompatible Android APIs,2024,API evolution and Android compatibility,publisher/venue bibliographic metadata and claim-scoped abstract or text checked,Recent systematic harvesting and comparison of incompatible Android APIs.,1,yes
63,apifield,An Empirical Study on Compatibility Issues in Android API Field Evolution,2024,API evolution and Android compatibility,publisher/venue bibliographic metadata and claim-scoped abstract or text checked,Recent evidence that API-field evolution introduces compatibility issues omitted by method-only analyses.,1,yes
64,appevolve,Automated API-Usage Update for Android Apps,2019,API evolution and Android compatibility,publisher/venue bibliographic metadata and claim-scoped abstract or text checked,Automated Android API-usage migration comparator.,1,yes
65,coccievolve,Automatic Android Deprecated-API Usage Update by Learning from a Single Updated Example,2020,API evolution and Android compatibility,publisher/venue bibliographic metadata and claim-scoped abstract or text checked,Example-based deprecated-API migration comparator.,1,yes
66,androevolve,AndroEvolve: Automated Android API Update with Data Flow Analysis and Variable Denormalization,2022,API evolution and Android compatibility,publisher/venue bibliographic metadata and claim-scoped abstract or text checked,Data-flow-enhanced Android API migration comparator.,1,yes
67,reiter,A Theory of Diagnosis from First Principles,1987,diagnosis and minimal explanations,publisher/venue bibliographic metadata and claim-scoped abstract or text checked,Foundational model-based diagnosis framework.,1,yes
68,dekleer,Diagnosing Multiple Faults,1987,diagnosis and minimal explanations,publisher/venue bibliographic metadata and claim-scoped abstract or text checked,Multiple-fault diagnosis and minimal conflict context.,1,yes
69,quickxplain,QUICKXPLAIN: Preferred Explanations and Relaxations for Over-Constrained Problems,2004,diagnosis and minimal explanations,publisher/venue bibliographic metadata and claim-scoped abstract or text checked,Preferred minimal explanation extraction for inconsistent constraints.,1,yes
70,mus,Algorithms for Computing Minimal Unsatisfiable Subsets of Constraints,2008,diagnosis and minimal explanations,publisher/venue bibliographic metadata and claim-scoped abstract or text checked,Algorithms for minimal unsatisfiable subsets; boundary for obstruction terminology.,1,yes
71,macemc,"Life, Death, and the Critical Transition: Finding Liveness Bugs in Systems Code",2007,distributed testing and verified systems,publisher/venue bibliographic metadata and claim-scoped abstract or text checked,Systematic liveness-bug discovery in distributed systems.,1,yes
72,modist,MODIST: Transparent Model Checking of Unmodified Distributed Systems,2009,distributed testing and verified systems,publisher/venue bibliographic metadata and claim-scoped abstract or text checked,Model checking of unmodified distributed systems under faults.,1,yes
73,samc,SAMC: Semantic-Aware Model Checking for Fast Discovery of Deep Bugs in Cloud Systems,2014,distributed testing and verified systems,publisher/venue bibliographic metadata and claim-scoped abstract or text checked,Semantic-aware reduction of distributed-system fault schedules.,1,yes
74,ldfi,Lineage-Driven Fault Injection,2015,distributed testing and verified systems,publisher/venue bibliographic metadata and claim-scoped abstract or text checked,Lineage-guided adversarial fault injection comparator.,1,yes
75,verdi,Verdi: A Framework for Implementing and Formally Verifying Distributed Systems,2015,distributed testing and verified systems,publisher/venue bibliographic metadata and claim-scoped abstract or text checked,Framework connecting distributed implementations to formal verification.,1,yes
76,ironfleet,IronFleet: Proving Practical Distributed Systems Correct,2015,distributed testing and verified systems,publisher/venue bibliographic metadata and claim-scoped abstract or text checked,End-to-end proof/implementation boundary for practical distributed systems.,1,yes
