reference_number,key,title,year,source_url,source_type,metadata_scope,checked_date
1,cloudlets,The Case for VM-Based Cloudlets in Mobile Computing,2009,https://dblp.org/search/publ?q=The%20Case%20for%20VM-Based%20Cloudlets%20in%20Mobile%20Computing,DBLP-exact-title-lookup,traceable bibliographic lookup; claim use limited to the role recorded in reference_audit.csv,2026-09-21
2,edgevision,Edge Computing: Vision and Challenges,2016,https://dblp.org/search/publ?q=Edge%20Computing%3A%20Vision%20and%20Challenges,DBLP-exact-title-lookup,traceable bibliographic lookup; claim use limited to the role recorded in reference_audit.csv,2026-09-21
3,emergence,The Emergence of Edge Computing,2017,https://dblp.org/search/publ?q=The%20Emergence%20of%20Edge%20Computing,DBLP-exact-title-lookup,traceable bibliographic lookup; claim use limited to the role recorded in reference_audit.csv,2026-09-21
4,warranties,Warranties for Faster Strong Consistency,2014,https://www.usenix.org/conference/nsdi14/technical-sessions/presentation/liu_jed,publisher-or-official-record,"title, author list, venue/year, and cited claim checked where used",2026-09-21
5,homeostasis,The Homeostasis Protocol: Avoiding Transaction Coordination Through Program Analysis,2015,https://doi.org/10.1145/2723372.2723720,publisher-or-official-record,"title, author list, venue/year, and cited claim checked where used",2026-09-21
6,treaties,"Efficient, Consistent Distributed Computation with Predictive Treaties",2019,https://doi.org/10.1145/3302424.3303987,publisher-or-official-record,"title, author list, venue/year, and cited claim checked where used",2026-09-21
7,blazes,Blazes: Coordination Analysis for Distributed Programs,2014,https://doi.org/10.1109/ICDE.2014.6816639,publisher-or-official-record,"title, author list, venue/year, and cited claim checked where used",2026-09-21
8,iconfluence,Coordination Avoidance in Database Systems,2014,https://doi.org/10.14778/2735508.2735509,publisher-or-official-record,"title, author list, venue/year, and cited claim checked where used",2026-09-21
9,maxbicliques,Consensus Algorithms for the Generation of All Maximal Bicliques,2004,https://doi.org/10.1016/j.dam.2003.09.004,publisher-or-official-record,"title, author list, venue/year, and cited claim checked where used",2026-09-21
10,fca,Formal Concept Analysis: Mathematical Foundations,1999,https://doi.org/10.1007/978-3-642-59830-2,publisher-or-official-record,"title, author list, venue/year, and cited claim checked where used",2026-09-21
11,datapeeler,Data-Peeler: Constraint-Based Closed Pattern Mining in n-ary Relations,2008,https://doi.org/10.1137/1.9781611972788.4,publisher-or-official-record,"title, author list, venue/year, and cited claim checked where used",2026-09-21
12,peeters,The Maximum Edge Biclique Problem Is NP-Complete,2003,https://doi.org/10.1016/S0166-218X(03)00333-0,publisher-or-official-record,"title, author list, venue/year, and cited claim checked where used",2026-09-21
13,bootstrap,Bootstrap Methods: Another Look at the Jackknife,1979,https://doi.org/10.1214/aos/1176344552,primary scholarly publisher or author record,Original DOI bibliographic record and original-method abstract; not a claim of a fresh full-text audit of all inherited papers,2026-09-23
14,moonlight,MoonlightBox: Mining Android API Histories for Uncovering Release-Time Inconsistencies,2018,https://doi.org/10.1109/ISSRE.2018.00031,publisher-or-official-record,"title, author list, venue/year, and cited claim checked where used",2026-09-21
15,indigo,Putting Consistency Back into Eventual Consistency,2015,https://dblp.org/search/publ?q=Putting%20Consistency%20Back%20into%20Eventual%20Consistency,DBLP-exact-title-lookup,traceable bibliographic lookup; claim use limited to the role recorded in reference_audit.csv,2026-09-21
16,hats,Highly Available Transactions: Virtues and Limitations,2013,https://dblp.org/search/publ?q=Highly%20Available%20Transactions%3A%20Virtues%20and%20Limitations,DBLP-exact-title-lookup,traceable bibliographic lookup; claim use limited to the role recorded in reference_audit.csv,2026-09-21
17,bloomcalm,Consistency Analysis in Bloom: A CALM and Collected Approach,2011,https://dblp.org/search/publ?q=Consistency%20Analysis%20in%20Bloom%3A%20A%20CALM%20and%20Collected%20Approach,DBLP-exact-title-lookup,traceable bibliographic lookup; claim use limited to the role recorded in reference_audit.csv,2026-09-21
18,keepingcalm,Keeping CALM: When Distributed Consistency Is Easy,2020,https://dblp.org/search/publ?q=Keeping%20CALM%3A%20When%20Distributed%20Consistency%20Is%20Easy,DBLP-exact-title-lookup,traceable bibliographic lookup; claim use limited to the role recorded in reference_audit.csv,2026-09-21
19,quiver,Quiver: Consistent and Scalable Object Sharing for Edge Services,2008,https://dblp.org/rec/journals/tpds/ReiterS08,DBLP-and-DOI-record,"title, authors, journal, volume, issue, pages, year, DOI, and abstract-level role checked",2026-09-23
20,survivableupdates,"Scalable, Confidential and Survivable Software Updates",2022,https://doi.org/10.1109/TPDS.2021.3090330,DOI-and-institutional-record,"title, authors, journal, volume, issue, pages, year, DOI, and abstract-level role checked",2026-09-23
21,bayou,"Managing Update Conflicts in Bayou, a Weakly Connected Replicated Storage System",1995,https://dblp.org/search/publ?q=Managing%20Update%20Conflicts%20in%20Bayou%2C%20a%20Weakly%20Connected%20Replicated%20Storage%20System,DBLP-exact-title-lookup,traceable bibliographic lookup; claim use limited to the role recorded in reference_audit.csv,2026-09-21
22,dynamo,Dynamo: Amazon's Highly Available Key-Value Store,2007,https://dblp.org/search/publ?q=Dynamo%3A%20Amazon%27s%20Highly%20Available%20Key-Value%20Store,DBLP-exact-title-lookup,traceable bibliographic lookup; claim use limited to the role recorded in reference_audit.csv,2026-09-21
23,cops,Don't Settle for Eventual: Scalable Causal Consistency for Wide-Area Storage with COPS,2011,https://dblp.org/search/publ?q=Don%27t%20Settle%20for%20Eventual%3A%20Scalable%20Causal%20Consistency%20for%20Wide-Area%20Storage%20with%20COPS,DBLP-exact-title-lookup,traceable bibliographic lookup; claim use limited to the role recorded in reference_audit.csv,2026-09-21
24,crdt,Conflict-Free Replicated Data Types,2011,https://dblp.org/search/publ?q=Conflict-Free%20Replicated%20Data%20Types,DBLP-exact-title-lookup,traceable bibliographic lookup; claim use limited to the role recorded in reference_audit.csv,2026-09-21
25,crdtspec,"Replicated Data Types: Specification, Verification, Optimality",2014,https://dblp.org/search/publ?q=Replicated%20Data%20Types%3A%20Specification%2C%20Verification%2C%20Optimality,DBLP-exact-title-lookup,traceable bibliographic lookup; claim use limited to the role recorded in reference_audit.csv,2026-09-21
26,deltacrdt,Delta State Replicated Data Types,2018,https://dblp.org/search/publ?q=Delta%20State%20Replicated%20Data%20Types,DBLP-exact-title-lookup,traceable bibliographic lookup; claim use limited to the role recorded in reference_audit.csv,2026-09-21
27,acute,On Mixing Eventual and Strong Consistency: Acute Cloud Types,2022,https://www.cs.put.poznan.pl/pawelw/,primary scholarly publisher or author record,Authors' arXiv abstract and publication list; journal metadata; not a claim of a fresh full-text audit of all inherited papers,2026-09-23
28,optimistic,Optimistic Causal Consistency for Geo-Replicated Key-Value Stores,2021,https://research.ibm.com/publications/optimistic-causal-consistency-for-geo-replicated-key-value-stores,primary scholarly publisher or author record,IBM Research author publication page and abstract; journal metadata; not a claim of a fresh full-text audit of all inherited papers,2026-09-23
29,networkupdate,Abstractions for Network Update,2012,https://dblp.org/search/publ?q=Abstractions%20for%20Network%20Update,DBLP-exact-title-lookup,traceable bibliographic lookup; claim use limited to the role recorded in reference_audit.csv,2026-09-21
30,zupdate,zUpdate: Updating Data Center Networks with Zero Loss,2013,https://dblp.org/search/publ?q=zUpdate%3A%20Updating%20Data%20Center%20Networks%20with%20Zero%20Loss,DBLP-exact-title-lookup,traceable bibliographic lookup; claim use limited to the role recorded in reference_audit.csv,2026-09-21
31,dionysus,Dynamic Scheduling of Network Updates,2014,https://dblp.org/search/publ?q=Dynamic%20Scheduling%20of%20Network%20Updates,DBLP-exact-title-lookup,traceable bibliographic lookup; claim use limited to the role recorded in reference_audit.csv,2026-09-21
32,ezsegway,ez-Segway: Decentralized Consistent Network Updates,2017,https://dblp.org/search/publ?q=ez-Segway%3A%20Decentralized%20Consistent%20Network%20Updates,DBLP-exact-title-lookup,traceable bibliographic lookup; claim use limited to the role recorded in reference_audit.csv,2026-09-21
33,hsa,Header Space Analysis: Static Checking for Networks,2012,https://www.usenix.org/conference/nsdi12/technical-sessions/presentation/kazemian,publisher-or-official-record,"title, author list, venue/year, and cited claim checked where used",2026-09-21
34,anteater,Debugging the Data Plane with Anteater,2011,https://dblp.org/search/publ?q=Debugging%20the%20Data%20Plane%20with%20Anteater,DBLP-exact-title-lookup,traceable bibliographic lookup; claim use limited to the role recorded in reference_audit.csv,2026-09-21
35,veriflow,VeriFlow: Verifying Network-Wide Invariants in Real Time,2013,https://www.usenix.org/conference/nsdi13/technical-sessions/presentation/khurshid,publisher-or-official-record,"title, author list, venue/year, and cited claim checked where used",2026-09-21
36,netplumber,Real Time Network Policy Checking Using Header Space Analysis,2013,https://www.usenix.org/conference/nsdi13/technical-sessions/presentation/kazemian,publisher-or-official-record,"title, author list, venue/year, and cited claim checked where used",2026-09-21
37,batfish,A General Approach to Network Configuration Analysis,2015,https://dblp.org/search/publ?q=A%20General%20Approach%20to%20Network%20Configuration%20Analysis,DBLP-exact-title-lookup,traceable bibliographic lookup; claim use limited to the role recorded in reference_audit.csv,2026-09-21
38,minesweeper,A General Approach to Network Configuration Verification,2017,https://dblp.org/search/publ?q=A%20General%20Approach%20to%20Network%20Configuration%20Verification,DBLP-exact-title-lookup,traceable bibliographic lookup; claim use limited to the role recorded in reference_audit.csv,2026-09-21
39,vericon,VeriCon: Towards Verifying Controller Programs in Software-Defined Networks,2014,https://dblp.org/search/publ?q=VeriCon%3A%20Towards%20Verifying%20Controller%20Programs%20in%20Software-Defined%20Networks,DBLP-exact-title-lookup,traceable bibliographic lookup; claim use limited to the role recorded in reference_audit.csv,2026-09-21
40,ccg,Enforcing Customizable Consistency Properties in Software-Defined Networks,2015,https://www.usenix.org/conference/nsdi15/technical-sessions/presentation/zhou,publisher-or-official-record,"title, author list, venue/year, and cited claim checked where used",2026-09-21
41,kinetic,Kinetic: Verifiable Dynamic Network Control,2015,https://www.usenix.org/conference/nsdi15/technical-sessions/presentation/kim,publisher-or-official-record,"title, author list, venue/year, and cited claim checked where used",2026-09-21
42,covisor,CoVisor: A Compositional Hypervisor for Software-Defined Networks,2015,https://www.usenix.org/conference/nsdi15/technical-sessions/presentation/jin,publisher-or-official-record,"title, author list, venue/year, and cited claim checked where used",2026-09-21
43,morpheus,Morpheus: Safe and Flexible Controller Upgrades for SDNs,2016,https://dblp.org/search/publ?q=Morpheus%3A%20Safe%20and%20Flexible%20Controller%20Upgrades%20for%20SDNs,DBLP-exact-title-lookup,traceable bibliographic lookup; claim use limited to the role recorded in reference_audit.csv,2026-09-21
44,flexplan,Synthesizing Runtime Programmable Switch Updates,2023,https://www.usenix.org/conference/nsdi23/presentation/qiu,publisher-or-official-record,"title, author list, venue/year, and cited claim checked where used",2026-09-21
45,liveness,Liveness Verification of Stateful Network Functions,2020,https://www.usenix.org/conference/nsdi20/presentation/yousefi,publisher-or-official-record,"title, author list, venue/year, and cited claim checked where used",2026-09-21
46,p4tv,On Temporal Verification of Stateful P4 Programs,2025,https://www.usenix.org/conference/nsdi25/presentation/zhang-delong,publisher-or-official-record,"title, author list, venue/year, and cited claim checked where used",2026-09-21
47,ndd,NDD: A Decision Diagram for Network Verification,2025,https://www.usenix.org/conference/nsdi25/presentation/li-zechun,publisher-or-official-record,"title, author list, venue/year, and cited claim checked where used",2026-09-21
48,nice,A NICE Way to Test OpenFlow Applications,2012,https://www.usenix.org/conference/nsdi12/technical-sessions/presentation/canini,publisher-or-official-record,"title, author list, venue/year, and cited claim checked where used",2026-09-21
49,meshtest,MeshTest: End-to-End Testing for Service Mesh Traffic Management,2025,https://www.usenix.org/conference/nsdi25/presentation/zheng-naiqian,publisher-or-official-record,"title, author list, venue/year, and cited claim checked where used",2026-09-21
50,howapi,How Do APIs Evolve? A Story of Refactoring,2006,https://dblp.org/search/publ?q=How%20Do%20APIs%20Evolve%3F%20A%20Story%20of%20Refactoring,DBLP-exact-title-lookup,traceable bibliographic lookup; claim use limited to the role recorded in reference_audit.csv,2026-09-21
51,groundtruth,Seeking the Ground Truth: A Retroactive Study on the Evolution and Migration of Software Libraries,2012,https://dblp.org/search/publ?q=Seeking%20the%20Ground%20Truth%3A%20A%20Retroactive%20Study%20on%20the%20Evolution%20and%20Migration%20of%20Software%20Libraries,DBLP-exact-title-lookup,traceable bibliographic lookup; claim use limited to the role recorded in reference_audit.csv,2026-09-21
52,catchup,CatchUp! Capturing and Replaying Refactorings to Support API Evolution,2005,https://dblp.org/search/publ?q=CatchUp%21%20Capturing%20and%20Replaying%20Refactorings%20to%20Support%20API%20Evolution,DBLP-exact-title-lookup,traceable bibliographic lookup; claim use limited to the role recorded in reference_audit.csv,2026-09-21
53,semdiff,SemDiff: Analysis and Recommendation Support for API Evolution,2009,https://dblp.org/search/publ?q=SemDiff%3A%20Analysis%20and%20Recommendation%20Support%20for%20API%20Evolution,DBLP-exact-title-lookup,traceable bibliographic lookup; claim use limited to the role recorded in reference_audit.csv,2026-09-21
54,apistability,An Empirical Study of API Stability and Adoption in the Android Ecosystem,2013,https://dblp.org/search/publ?q=An%20Empirical%20Study%20of%20API%20Stability%20and%20Adoption%20in%20the%20Android%20Ecosystem,DBLP-exact-title-lookup,traceable bibliographic lookup; claim use limited to the role recorded in reference_audit.csv,2026-09-21
55,apifault,API Change and Fault Proneness: A Threat to the Success of Android Apps,2013,https://dblp.org/search/publ?q=API%20Change%20and%20Fault%20Proneness%3A%20A%20Threat%20to%20the%20Success%20of%20Android%20Apps,DBLP-exact-title-lookup,traceable bibliographic lookup; claim use limited to the role recorded in reference_audit.csv,2026-09-21
56,inaccessible,Accessing Inaccessible Android APIs: An Empirical Study,2016,https://dblp.org/search/publ?q=Accessing%20Inaccessible%20Android%20APIs%3A%20An%20Empirical%20Study,DBLP-exact-title-lookup,traceable bibliographic lookup; claim use limited to the role recorded in reference_audit.csv,2026-09-21
57,deprecated,Characterising Deprecated Android APIs,2018,https://dblp.org/search/publ?q=Characterising%20Deprecated%20Android%20APIs,DBLP-exact-title-lookup,traceable bibliographic lookup; claim use limited to the role recorded in reference_audit.csv,2026-09-21
58,apireview,A Systematic Review of API Evolution Literature,2021,https://doi.org/10.1145/3470133,publisher-or-official-record,"title, author list, venue/year, and cited claim checked where used",2026-09-21
59,cid,CiD: Automating the Detection of API-Related Compatibility Issues in Android Apps,2018,https://doi.org/10.1145/3213846.3213857,publisher-or-official-record,"title, author list, venue/year, and cited claim checked where used",2026-09-21
60,evolcompat,Understanding and Detecting Evolution-Induced Compatibility Issues in Android Apps,2018,https://dblp.org/search/publ?q=Understanding%20and%20Detecting%20Evolution-Induced%20Compatibility%20Issues%20in%20Android%20Apps,DBLP-exact-title-lookup,traceable bibliographic lookup; claim use limited to the role recorded in reference_audit.csv,2026-09-21
61,fragmentation,Understanding and Detecting Fragmentation-Induced Compatibility Issues for Android Apps,2020,https://dblp.org/search/publ?q=Understanding%20and%20Detecting%20Fragmentation-Induced%20Compatibility%20Issues%20for%20Android%20Apps,DBLP-exact-title-lookup,traceable bibliographic lookup; claim use limited to the role recorded in reference_audit.csv,2026-09-21
62,andromevol,Automatically Detecting Incompatible Android APIs,2024,https://doi.org/10.1145/3624737,publisher-or-official-record,"title, author list, venue/year, and cited claim checked where used",2026-09-21
63,apifield,An Empirical Study on Compatibility Issues in Android API Field Evolution,2024,https://doi.org/10.1016/j.infsof.2024.107530,publisher-or-official-record,"title, author list, venue/year, and cited claim checked where used",2026-09-21
64,appevolve,Automated API-Usage Update for Android Apps,2019,https://dblp.org/search/publ?q=Automated%20API-Usage%20Update%20for%20Android%20Apps,DBLP-exact-title-lookup,traceable bibliographic lookup; claim use limited to the role recorded in reference_audit.csv,2026-09-21
65,coccievolve,Automatic Android Deprecated-API Usage Update by Learning from a Single Updated Example,2020,https://dblp.org/search/publ?q=Automatic%20Android%20Deprecated-API%20Usage%20Update%20by%20Learning%20from%20a%20Single%20Updated%20Example,DBLP-exact-title-lookup,traceable bibliographic lookup; claim use limited to the role recorded in reference_audit.csv,2026-09-21
66,androevolve,AndroEvolve: Automated Android API Update with Data Flow Analysis and Variable Denormalization,2022,https://dblp.org/search/publ?q=AndroEvolve%3A%20Automated%20Android%20API%20Update%20with%20Data%20Flow%20Analysis%20and%20Variable%20Denormalization,DBLP-exact-title-lookup,traceable bibliographic lookup; claim use limited to the role recorded in reference_audit.csv,2026-09-21
67,reiter,A Theory of Diagnosis from First Principles,1987,https://dblp.org/search/publ?q=A%20Theory%20of%20Diagnosis%20from%20First%20Principles,DBLP-exact-title-lookup,traceable bibliographic lookup; claim use limited to the role recorded in reference_audit.csv,2026-09-21
68,dekleer,Diagnosing Multiple Faults,1987,https://dblp.org/search/publ?q=Diagnosing%20Multiple%20Faults,DBLP-exact-title-lookup,traceable bibliographic lookup; claim use limited to the role recorded in reference_audit.csv,2026-09-21
69,quickxplain,QUICKXPLAIN: Preferred Explanations and Relaxations for Over-Constrained Problems,2004,https://dblp.org/search/publ?q=QUICKXPLAIN%3A%20Preferred%20Explanations%20and%20Relaxations%20for%20Over-Constrained%20Problems,DBLP-exact-title-lookup,traceable bibliographic lookup; claim use limited to the role recorded in reference_audit.csv,2026-09-21
70,mus,Algorithms for Computing Minimal Unsatisfiable Subsets of Constraints,2008,https://dblp.org/search/publ?q=Algorithms%20for%20Computing%20Minimal%20Unsatisfiable%20Subsets%20of%20Constraints,DBLP-exact-title-lookup,traceable bibliographic lookup; claim use limited to the role recorded in reference_audit.csv,2026-09-21
71,macemc,"Life, Death, and the Critical Transition: Finding Liveness Bugs in Systems Code",2007,https://dblp.org/search/publ?q=Life%2C%20Death%2C%20and%20the%20Critical%20Transition%3A%20Finding%20Liveness%20Bugs%20in%20Systems%20Code,DBLP-exact-title-lookup,traceable bibliographic lookup; claim use limited to the role recorded in reference_audit.csv,2026-09-21
72,modist,MODIST: Transparent Model Checking of Unmodified Distributed Systems,2009,https://dblp.org/search/publ?q=MODIST%3A%20Transparent%20Model%20Checking%20of%20Unmodified%20Distributed%20Systems,DBLP-exact-title-lookup,traceable bibliographic lookup; claim use limited to the role recorded in reference_audit.csv,2026-09-21
73,samc,SAMC: Semantic-Aware Model Checking for Fast Discovery of Deep Bugs in Cloud Systems,2014,https://dblp.org/search/publ?q=SAMC%3A%20Semantic-Aware%20Model%20Checking%20for%20Fast%20Discovery%20of%20Deep%20Bugs%20in%20Cloud%20Systems,DBLP-exact-title-lookup,traceable bibliographic lookup; claim use limited to the role recorded in reference_audit.csv,2026-09-21
74,ldfi,Lineage-Driven Fault Injection,2015,https://dblp.org/search/publ?q=Lineage-Driven%20Fault%20Injection,DBLP-exact-title-lookup,traceable bibliographic lookup; claim use limited to the role recorded in reference_audit.csv,2026-09-21
75,verdi,Verdi: A Framework for Implementing and Formally Verifying Distributed Systems,2015,https://dblp.org/search/publ?q=Verdi%3A%20A%20Framework%20for%20Implementing%20and%20Formally%20Verifying%20Distributed%20Systems,DBLP-exact-title-lookup,traceable bibliographic lookup; claim use limited to the role recorded in reference_audit.csv,2026-09-21
76,ironfleet,IronFleet: Proving Practical Distributed Systems Correct,2015,https://dblp.org/search/publ?q=IronFleet%3A%20Proving%20Practical%20Distributed%20Systems%20Correct,DBLP-exact-title-lookup,traceable bibliographic lookup; claim use limited to the role recorded in reference_audit.csv,2026-09-21
