paper,role,motivating_problem,principle,proof_or_performance_argument,practical_connection,evaluation_breadth,artifact_strength,narrative_sequence,sections_or_evidence,read_status,doi
On Mixing Eventual and Strong Consistency: Acute Cloud Types,direct consistency comparator,combining strong and eventual operations in one replicated type,operation-level consistency composition,formal semantics plus system evaluation,geo-replicated storage,multiple workloads/configurations,published TPDS article; no code integrated,problem -> semantics -> implementation -> evaluation,"consistency model, system, evaluation",metadata/abstract and manuscript-used claim checked,10.1109/TPDS.2021.3090318
Optimistic Causal Consistency for Geo-Replicated Key-Value Stores,direct consistency comparator,reducing causal-consistency cost while checking dependencies,optimistic causal visibility,protocol argument plus geo-replicated evaluation,key-value storage,multiple geo configurations,published TPDS article; no code integrated,problem -> model -> protocol -> evaluation,"model, protocol, experiments",metadata/abstract and manuscript-used claim checked,10.1109/TPDS.2020.3026778
Quiver: Consistent and Scalable Object Sharing for Edge Services,direct edge-state comparator,consistent object sharing across edge proxies,object mobility and consistency protocol,consistency argument and prototype measurements,edge services,object-sharing scenarios and scale,published TPDS article; no code integrated,edge problem -> protocol -> implementation -> evaluation,"design, recovery, evaluation",metadata/abstract and manuscript-used claim checked,10.1109/TPDS.2007.70790
"Scalable, Confidential and Survivable Software Updates",direct update comparator,distributing software updates without a single point of failure,confidential and survivable update dissemination,threat/design analysis plus evaluation,distributed software update service,scalability and resilience experiments,published TPDS article; no code integrated,problem -> design -> security/resilience -> evaluation,"architecture, properties, experiments",metadata/abstract and manuscript-used claim checked,10.1109/TPDS.2021.3090330
FlexRaft: Exploiting Flexible Erasure Coding for Minimum-Cost Consensus and Fast Recovery,fault-tolerant protocol calibration,lowering consensus replication cost while retaining recovery,flexible erasure-coded Raft,cost/recovery analysis plus evaluation,consensus service,network/storage cost and recovery cases,published TPDS article; no code integrated,cost problem -> protocol -> analysis -> evaluation,"protocol, analysis, experiments",publisher/institutional metadata and abstract-level structure checked,10.1109/TPDS.2024.3443424
On the Message Complexity of Fault-Tolerant Computation: Leader Election and Agreement,distributed-algorithm calibration,leader election and agreement under crash faults with sublinear messages,randomized fault-tolerant algorithms,upper/lower message-complexity arguments,crash-fault distributed networks,theory over stated network/fault model,published TPDS article; no code integrated,problem -> model -> algorithms -> bounds,"model, algorithms, proofs",institutional metadata and abstract-level structure checked,10.1109/TPDS.2023.3239993
Differentiated Consistency for Worldwide Gossips,consistency and scale calibration,different applications need different eventual-consistency/latency tradeoffs,two-phase epidemic broadcast and runtime metric,continuous/discrete analysis plus large simulation,worldwide gossip dissemination,million-node and Ethereum-like simulations,published TPDS article; no code integrated,motivation -> protocol -> analysis -> simulation,"protocol, metric, experiments",author record and abstract-level structure checked,10.1109/TPDS.2022.3209150
GossipFL: A Decentralized Federated Learning Framework With Sparsified and Adaptive Communication,communication/evaluation calibration,decentralized learning faces bandwidth and utilization bottlenecks,sparsified adaptive gossip communication,convergence argument plus multi-environment experiments,decentralized federated learning,14- and 100-client settings; IID/non-IID data,published TPDS article; no code integrated,bottleneck -> method -> convergence -> evaluation,"algorithm, theory, experiments",DBLP/institutional metadata and abstract-level structure checked,10.1109/TPDS.2022.3230938
HiFlash: Communication-Efficient Hierarchical Federated Learning With Adaptive Staleness Control and Heterogeneity-Aware Client-Edge Association,staleness/heterogeneity calibration,hierarchical learning suffers WAN cost and stale updates,adaptive staleness control and association,convergence-bound analysis plus experiments,client-edge-cloud learning,"accuracy, communication and efficiency studies",published TPDS article; no code integrated,problem -> analysis -> controller -> evaluation,"analysis, design, experiments",institutional metadata and abstract-level structure checked,10.1109/TPDS.2023.3238049
Edge Data Deduplication Under Uncertainties: A Robust Optimization Approach,edge-resource calibration,edge storage decisions face mobility and demand uncertainty,robust optimization for deduplication,optimization formulation plus experiments,mobile edge data management,storage and retrieval objectives under uncertainty,published TPDS article; no code integrated,uncertainty -> formulation -> algorithms -> evaluation,"model, optimization, experiments",DBLP metadata and abstract-level structure checked,10.1109/TPDS.2024.3493959
Distributed Semi-Supervised Learning With Consensus Consistency on Edge Devices,distributed edge testbed calibration,edge devices hold mixed labeled/unlabeled private data,consensus-consistency pseudo-labeling,method plus self-developed testbed evaluation,distributed learning on edge devices,standard image datasets and multiple baselines,published TPDS article; no code integrated,problem -> method -> testbed -> evaluation,"method, system, experiments",institutional/DBLP metadata and abstract-level structure checked,10.1109/TPDS.2023.3340707
GeoDeploy: Geo-Distributed Application Deployment Using Benchmarking,deployment/evaluation calibration,placing geo-distributed applications across heterogeneous sites,benchmark-driven deployment selection,formal model plus practical cloud deployment,geo-distributed web applications,algorithmic and cloud-based comparisons,published TPDS article; no code integrated,deployment problem -> model -> framework -> evaluation,"model, implementation, deployment",institutional metadata and abstract-level structure checked,10.1109/TPDS.2024.3470532
