contract,class,first_public_api_level,official_reference,checked_on
api.base64,android.util.Base64,8,https://developer.android.com/reference/android/util/Base64,2026-09-12
api.download-manager,android.app.DownloadManager,9,https://developer.android.com/reference/android/app/DownloadManager,2026-09-12
api.fragment,android.app.Fragment,11,https://developer.android.com/reference/android/app/Fragment,2026-09-12
api.wifi-p2p-manager,android.net.wifi.p2p.WifiP2pManager,14,https://developer.android.com/reference/android/net/wifi/p2p/WifiP2pManager,2026-09-12
api.cancellation-signal,android.os.CancellationSignal,16,https://developer.android.com/reference/android/os/CancellationSignal,2026-09-12
api.display-manager,android.hardware.display.DisplayManager,17,https://developer.android.com/reference/android/hardware/display/DisplayManager,2026-09-12
api.bluetooth-manager,android.bluetooth.BluetoothManager,18,https://developer.android.com/reference/android/bluetooth/BluetoothManager,2026-09-12
api.app-ops-manager,android.app.AppOpsManager,19,https://developer.android.com/reference/android/app/AppOpsManager,2026-09-12
api.job-scheduler,android.app.job.JobScheduler,21,https://developer.android.com/reference/android/app/job/JobScheduler,2026-09-12
api.camera-manager,android.hardware.camera2.CameraManager,21,https://developer.android.com/reference/android/hardware/camera2/CameraManager,2026-09-12
api.media-projection-manager,android.media.projection.MediaProjectionManager,21,https://developer.android.com/reference/android/media/projection/MediaProjectionManager,2026-09-12
api.persistable-bundle,android.os.PersistableBundle,21,https://developer.android.com/reference/android/os/PersistableBundle,2026-09-12
api.subscription-manager,android.telephony.SubscriptionManager,22,https://developer.android.com/reference/android/telephony/SubscriptionManager,2026-09-12
api.icon,android.graphics.drawable.Icon,23,https://developer.android.com/reference/android/graphics/drawable/Icon,2026-09-12
api.keygen-parameter-spec,android.security.keystore.KeyGenParameterSpec,23,https://developer.android.com/reference/android/security/keystore/KeyGenParameterSpec,2026-09-12
api.shortcut-manager,android.content.pm.ShortcutManager,25,https://developer.android.com/reference/android/content/pm/ShortcutManager,2026-09-12
api.vibration-effect,android.os.VibrationEffect,26,https://developer.android.com/reference/android/os/VibrationEffect,2026-09-12
api.notification-channel,android.app.NotificationChannel,26,https://developer.android.com/reference/android/app/NotificationChannel,2026-09-12
api.autofill-manager,android.view.autofill.AutofillManager,26,https://developer.android.com/reference/android/view/autofill/AutofillManager,2026-09-12
api.biometric-prompt,android.hardware.biometrics.BiometricPrompt,28,https://developer.android.com/reference/android/hardware/biometrics/BiometricPrompt,2026-09-12
api.role-manager,android.app.role.RoleManager,29,https://developer.android.com/reference/android/app/role/RoleManager,2026-09-12
api.vibrator-manager,android.os.VibratorManager,31,https://developer.android.com/reference/android/os/VibratorManager,2026-09-12
api.back-invoked-dispatcher,android.window.OnBackInvokedDispatcher,33,https://developer.android.com/reference/android/window/OnBackInvokedDispatcher,2026-09-12
api.credential-manager,android.credentials.CredentialManager,34,https://developer.android.com/reference/android/credentials/CredentialManager,2026-09-12
