family,seed,policy,workloads,proposed,installed,blocked,unchanged,incompatible_snapshots,local_incompatible_steps,converged,reconcile_rpcs,delivered,serialized_bytes,tcp_connections_opened,rpc_median_ms,rpc_p95_ms,wall_seconds,cpu_seconds
independent,0,epoch,1,24,0,16,8,0,0,1,55,286,30318,7,0.059374,1.045555,0.0815847639999987,0.03810967299999998
independent,0,branch,1,24,7,11,6,0,0,1,55,286,31142,7,0.061989,1.035157,0.09008976699999494,0.03844583700000001
independent,0,envelope,1,24,8,9,7,0,0,1,55,286,31424,7,0.065483,1.086809,0.10080126199999029,0.041074734
independent,0,frontier,1,24,8,9,7,0,0,1,55,286,31424,7,0.063816,1.145745,0.09877460300000962,0.041113405999999963
independent,0,unguarded,1,24,18,0,6,22,22,1,55,286,31476,7,0.064467,1.040818,0.10926046600000916,0.042596913000000014
independent,0,marginal,1,24,8,9,7,0,0,1,55,286,31424,7,0.064833,0.990898,0.0837907139999885,0.03838354799999999
independent,1,epoch,1,24,0,12,12,0,0,1,55,286,30522,7,0.057602,0.947268,0.07070383299999605,0.03488466600000001
independent,1,branch,1,24,7,6,11,0,0,1,55,286,31520,7,0.061097,1.026803,0.09142652600000645,0.040265471
independent,1,envelope,1,24,7,6,11,0,0,1,55,286,31722,7,0.059334,1.059444,0.09841755499999749,0.039629601000000014
independent,1,frontier,1,24,7,6,11,0,0,1,55,286,31722,7,0.060503,1.060583,0.09538868299999592,0.04028051999999993
independent,1,unguarded,1,24,15,0,9,16,16,1,55,286,31929,7,0.062015,1.063901,0.21598507999999583,0.04326984499999997
independent,1,marginal,1,24,7,6,11,0,0,1,55,286,31722,7,0.060575,0.952567,0.0837801529999922,0.03872636900000004
independent,2,epoch,1,24,0,17,7,0,0,1,55,282,29874,7,0.058198,0.937563,0.07394842099999721,0.03578857000000002
independent,2,branch,1,24,6,12,6,0,0,1,55,282,30497,7,0.061154,0.964195,0.07457878399999629,0.03610052900000005
independent,2,envelope,1,24,9,10,5,0,0,1,55,282,31172,7,0.063304,0.969449,0.08582074800000328,0.03895415000000002
independent,2,frontier,1,24,9,10,5,0,0,1,55,282,31172,7,0.060918,0.933513,0.07904254700000024,0.03875351800000004
independent,2,unguarded,1,24,21,0,3,15,18,1,55,282,31586,7,0.067845,0.934621,0.1011076319999944,0.04236196999999997
independent,2,marginal,1,24,9,10,5,0,0,1,55,282,31172,7,0.06082,0.929378,0.07802209800000526,0.03619977200000002
independent,3,epoch,1,24,0,18,6,0,0,1,55,282,29797,7,0.059443,1.041593,0.07073758500000338,0.03487462799999996
independent,3,branch,1,24,3,14,7,0,0,1,55,282,30741,7,0.062307,1.051731,0.08675418699999682,0.037513984000000056
independent,3,envelope,1,24,5,12,7,0,0,1,55,282,31189,7,0.06267,1.04918,0.08461629900000389,0.03802815699999995
independent,3,frontier,1,24,5,12,7,0,0,1,55,282,31189,7,0.061231,0.974986,0.08055416199999854,0.037662460000000175
independent,3,unguarded,1,24,15,0,9,23,24,1,55,282,30938,7,0.063377,0.964974,0.09618198799999789,0.04040909599999987
independent,3,marginal,1,24,5,12,7,0,0,1,55,282,31189,7,0.058324,0.905288,0.07057958800000108,0.03505717999999991
independent,4,epoch,1,24,0,19,5,0,0,1,55,286,30183,7,0.057776,0.913475,0.06692274799999609,0.034553480000000025
independent,4,branch,1,24,7,13,4,0,0,1,55,286,31622,7,0.060611,0.976331,0.08259821000000045,0.03852299400000003
independent,4,envelope,1,24,10,10,4,0,0,1,55,286,32151,7,0.067661,0.989283,0.09203893199999413,0.042479727999999994
independent,4,frontier,1,24,10,10,4,0,0,1,55,286,32151,7,0.063796,0.953118,0.09454659200000037,0.04094304800000015
independent,4,unguarded,1,24,17,0,7,22,22,1,55,286,32137,7,0.068121,0.962962,0.0985982500000091,0.04308009099999999
independent,4,marginal,1,24,10,10,4,0,0,1,55,286,32151,7,0.061714,1.0277,0.08970078800000181,0.038345933
independent,5,epoch,1,24,0,16,8,0,0,1,55,286,30348,7,0.057712,0.974131,0.0692488979999979,0.034143273999999835
independent,5,branch,1,24,4,13,7,0,0,1,55,286,30828,7,0.061678,0.988408,0.07817474499999832,0.03780411000000017
independent,5,envelope,1,24,9,6,9,0,0,1,55,286,31563,7,0.062408,0.952094,0.09268259300000636,0.04331503999999997
independent,5,frontier,1,24,9,6,9,0,0,1,55,286,31563,7,0.061765,0.979827,0.08490951999999652,0.04011873399999999
independent,5,unguarded,1,24,18,0,6,22,23,1,55,286,31847,7,0.065686,0.939925,0.10484304000000577,0.04299381400000013
independent,5,marginal,1,24,9,6,9,0,0,1,55,286,31563,7,0.063961,0.938857,0.07773491799999022,0.037602632000000025
correlated,0,epoch,1,24,0,16,8,0,0,1,55,286,30318,7,0.057348,0.901571,0.07083924199999103,0.03400525500000007
correlated,0,branch,1,24,7,11,6,0,0,1,55,286,31142,7,0.066022,0.993743,0.09050763199999778,0.0402785189999999
correlated,0,envelope,1,24,7,11,6,0,0,1,55,286,31292,7,0.061838,0.918079,0.081418357000004,0.039225010000000005
correlated,0,frontier,1,24,7,11,6,0,0,1,55,286,31292,7,0.063795,0.953966,0.0880465350000037,0.03946620700000003
correlated,0,unguarded,1,24,18,0,6,22,22,1,55,286,31476,7,0.066396,0.946949,0.09977307399999802,0.042013797999999936
correlated,0,marginal,1,24,8,9,7,2,0,1,55,286,31424,7,0.064114,0.970337,0.08572406799999044,0.037953864999999976
correlated,1,epoch,1,24,0,12,12,0,0,1,55,286,30522,7,0.059139,0.952629,0.06709783000000868,0.034501101000000034
correlated,1,branch,1,24,7,6,11,0,0,1,55,286,31520,7,0.061541,1.009325,0.09299911899999813,0.03901105099999991
correlated,1,envelope,1,24,7,6,11,0,0,1,55,286,31670,7,0.062698,1.006287,0.08963675700000806,0.04028435000000008
correlated,1,frontier,1,24,7,6,11,0,0,1,55,286,31670,7,0.066038,0.980189,0.09169570399998861,0.04372282699999985
correlated,1,unguarded,1,24,15,0,9,16,16,1,55,286,31929,7,0.06878,1.016681,0.10907866699999147,0.04475387100000017
correlated,1,marginal,1,24,7,6,11,0,0,1,55,286,31722,7,0.060901,0.967407,0.08806286300000465,0.038225175
correlated,2,epoch,1,24,0,17,7,0,0,1,55,282,29874,7,0.064781,0.943316,0.0742673039999886,0.03660302500000023
correlated,2,branch,1,24,6,12,6,0,0,1,55,282,30497,7,0.061431,0.946025,0.07308589099999097,0.035893041000000014
correlated,2,envelope,1,24,6,12,6,0,0,1,55,282,30647,7,0.059113,0.969029,0.0745365989999982,0.036379756000000096
correlated,2,frontier,1,24,6,12,6,0,0,1,55,282,30647,7,0.057474,0.970555,0.07913018300000374,0.03567491300000025
correlated,2,unguarded,1,24,21,0,3,15,18,1,55,282,31586,7,0.066665,0.971767,0.10384844200000032,0.04252972100000019
correlated,2,marginal,1,24,9,10,5,1,0,1,55,282,31172,7,0.059066,1.011358,0.08399800499999799,0.036181140000000056
correlated,3,epoch,1,24,0,18,6,0,0,1,55,282,29797,7,0.058833,0.989657,0.06967697799998973,0.03421537699999977
correlated,3,branch,1,24,3,14,7,0,0,1,55,282,30741,7,0.063,0.990274,0.07760040700000559,0.03666440800000004
correlated,3,envelope,1,24,3,14,7,0,0,1,55,282,30891,7,0.060755,0.956347,0.08056896099999733,0.0372491789999998
correlated,3,frontier,1,24,3,14,7,0,0,1,55,282,30891,7,0.060129,0.916983,0.07595746900000222,0.03689041599999987
correlated,3,unguarded,1,24,15,0,9,24,24,1,55,282,30938,7,0.063304,0.961321,0.10584115300000008,0.0402760390000001
correlated,3,marginal,1,24,5,12,7,12,0,1,55,282,31189,7,0.060822,0.97065,0.07248604999999486,0.035684963000000014
correlated,4,epoch,1,24,0,19,5,0,0,1,55,286,30183,7,0.062592,0.955532,0.0684136299999949,0.03525886899999975
correlated,4,branch,1,24,7,13,4,0,0,1,55,286,31622,7,0.060344,1.013887,0.09986596200000974,0.0391451570000001
correlated,4,envelope,1,24,7,13,4,0,0,1,55,286,31772,7,0.064985,1.01149,0.08784232799999359,0.03977918899999988
correlated,4,frontier,1,24,7,13,4,0,0,1,55,286,31772,7,0.061481,0.975409,0.11592558499999939,0.03981781699999987
correlated,4,unguarded,1,24,17,0,7,22,22,1,55,286,32137,7,0.065088,1.002368,0.10157771100000446,0.042108263999999895
correlated,4,marginal,1,24,10,10,4,0,0,1,55,286,32151,7,0.061988,0.98871,0.08844812999998908,0.03759571900000003
correlated,5,epoch,1,24,0,16,8,0,0,1,55,286,30348,7,0.056996,0.979581,0.06666424400000892,0.033569937999999855
correlated,5,branch,1,24,4,13,7,0,0,1,55,286,30828,7,0.061198,1.004725,0.0843892049999937,0.03758000899999958
correlated,5,envelope,1,24,4,13,7,0,0,1,55,286,30978,7,0.061196,0.996907,0.0788960000000003,0.03748217500000006
correlated,5,frontier,1,24,4,13,7,0,0,1,55,286,30978,7,0.061616,0.932534,0.07644309100000157,0.03802006699999971
correlated,5,unguarded,1,24,18,0,6,23,23,1,55,286,31847,7,0.064622,1.009531,0.10789717200000837,0.042820002000000024
correlated,5,marginal,1,24,9,6,9,13,0,1,55,286,31563,7,0.06407,1.003034,0.08173821299999418,0.0386042200000003
one-sided,0,epoch,1,24,0,16,8,0,0,1,55,286,30318,7,0.058874,0.971426,0.07567002599999739,0.035529699000000026
one-sided,0,branch,1,24,7,11,6,0,0,1,55,286,31142,7,0.06417,0.995642,0.08735801899999274,0.038977533000000175
one-sided,0,envelope,1,24,7,11,6,0,0,1,55,286,31318,7,0.060742,0.968734,0.08472248100000002,0.039370206000000074
one-sided,0,frontier,1,24,7,11,6,0,0,1,55,286,31318,7,0.062677,1.00149,0.09090799999999888,0.03914504100000027
one-sided,0,unguarded,1,24,18,0,6,22,22,1,55,286,31476,7,0.065227,1.01293,0.10524486500000307,0.04549575699999986
one-sided,0,marginal,1,24,8,9,7,0,0,1,55,286,31424,7,0.063539,0.990388,0.08769805500000416,0.038358774000000206
one-sided,1,epoch,1,24,0,12,12,0,0,1,55,286,30522,7,0.06161,1.031156,0.07127717600000949,0.03568901999999996
one-sided,1,branch,1,24,7,6,11,0,0,1,55,286,31520,7,0.065356,1.063677,0.0967433250000056,0.04138370700000005
one-sided,1,envelope,1,24,7,6,11,0,0,1,55,286,31696,7,0.062371,1.038045,0.09256707299999789,0.040419816
one-sided,1,frontier,1,24,7,6,11,0,0,1,55,286,31696,7,0.064192,1.016903,0.09637595299999191,0.04095086400000003
one-sided,1,unguarded,1,24,15,0,9,16,16,1,55,286,31929,7,0.066517,1.027529,0.10436414500000524,0.04307675600000005
one-sided,1,marginal,1,24,7,6,11,0,0,1,55,286,31722,7,0.062819,0.986084,0.08886494700000469,0.0380847740000001
one-sided,2,epoch,1,24,0,17,7,0,0,1,55,282,29874,7,0.056987,0.955892,0.06774770600000579,0.03393000500000021
one-sided,2,branch,1,24,6,12,6,0,0,1,55,282,30497,7,0.058599,1.004988,0.10163618200000712,0.03566496500000005
one-sided,2,envelope,1,24,7,11,6,0,0,1,55,282,31203,7,0.058959,0.961067,0.07940704399999277,0.03713103900000014
one-sided,2,frontier,1,24,7,11,6,0,0,1,55,282,31203,7,0.063591,0.96593,0.07506739800000162,0.037404627999999995
one-sided,2,unguarded,1,24,21,0,3,16,18,1,55,282,31586,7,0.066726,1.013411,0.10864664000000346,0.04281056300000019
one-sided,2,marginal,1,24,9,10,5,2,0,1,55,282,31172,7,0.061009,1.033007,0.07786374200000523,0.03648074000000001
one-sided,3,epoch,1,24,0,18,6,0,0,1,55,282,29797,7,0.061126,0.944244,0.06757706399999108,0.034562376999999866
one-sided,3,branch,1,24,3,14,7,0,0,1,55,282,30741,7,0.058607,0.980412,0.07955835399999955,0.035924570999999794
one-sided,3,envelope,1,24,3,14,7,0,0,1,55,282,30917,7,0.060785,0.993048,0.07740797599998928,0.03720555900000022
one-sided,3,frontier,1,24,3,14,7,0,0,1,55,282,30917,7,0.065487,0.98459,0.07903287800000669,0.03960007099999974
one-sided,3,unguarded,1,24,15,0,9,23,24,1,55,282,30938,7,0.070469,1.024676,0.10553571699999509,0.044235167000000075
one-sided,3,marginal,1,24,5,12,7,0,0,1,55,282,31189,7,0.064451,0.94794,0.07597735199999534,0.0381185670000006
one-sided,4,epoch,1,24,0,19,5,0,0,1,55,286,30183,7,0.065597,0.998746,0.07696910500000342,0.0381772860000007
one-sided,4,branch,1,24,7,13,4,0,0,1,55,286,31622,7,0.06732,0.996398,0.08821948199999952,0.04190774000000008
one-sided,4,envelope,1,24,8,12,4,0,0,1,55,286,31844,7,0.066023,1.020101,0.09562265799999636,0.04263818300000022
one-sided,4,frontier,1,24,8,12,4,0,0,1,55,286,31844,7,0.067515,1.056988,0.09353076300000396,0.04301097000000009
one-sided,4,unguarded,1,24,17,0,7,22,22,1,55,286,32137,7,0.070226,1.020828,0.11256911800001035,0.04617975800000007
one-sided,4,marginal,1,24,10,10,4,0,0,1,55,286,32151,7,0.069086,1.054554,0.09131241100000409,0.042818574
one-sided,5,epoch,1,24,0,16,8,0,0,1,55,286,30348,7,0.06505,1.001752,0.07719415600000445,0.037999069000000496
one-sided,5,branch,1,24,4,13,7,0,0,1,55,286,30828,7,0.066591,0.999259,0.08952787399999806,0.04062662500000069
one-sided,5,envelope,1,24,6,11,7,0,0,1,55,286,31118,7,0.066783,0.985694,0.08365606899999989,0.04171996300000025
one-sided,5,frontier,1,24,6,11,7,0,0,1,55,286,31118,7,0.067793,1.042634,0.0907965560000008,0.04184218999999967
one-sided,5,unguarded,1,24,18,0,6,22,23,1,55,286,31847,7,0.06938,0.975495,0.11020348499999955,0.0441664270000004
one-sided,5,marginal,1,24,9,6,9,1,0,1,55,286,31563,7,0.062723,0.960801,0.08478296200000557,0.03772825400000013
bridge,0,epoch,1,24,0,16,8,0,0,1,55,286,30637,7,0.057941,0.905275,0.06650132299999711,0.03427460499999935
bridge,0,branch,1,24,7,11,6,0,0,1,55,286,31461,7,0.065366,1.061856,0.09355703399999982,0.04416995099999976
bridge,0,envelope,1,24,7,11,6,0,0,1,55,286,31659,7,0.062999,0.987141,0.08453635600000098,0.03940129999999975
bridge,0,frontier,1,24,7,11,6,0,0,1,55,286,31611,7,0.065133,1.047237,0.09591646299999468,0.04078692200000056
bridge,0,unguarded,1,24,18,0,6,22,22,1,55,286,31674,7,0.068105,1.014284,0.10292942700000651,0.042943646000000335
bridge,0,marginal,1,24,8,9,7,2,0,1,55,286,31622,7,0.063668,0.957097,0.08195555700000057,0.038692005000000584
bridge,1,epoch,1,24,0,12,12,0,0,1,55,286,30852,7,0.061272,0.91865,0.07169621900000323,0.035148438000000226
bridge,1,branch,1,24,7,6,11,0,0,1,55,286,31520,7,0.060446,0.92772,0.08506639300000529,0.039651994000000634
bridge,1,envelope,1,24,4,9,11,0,0,1,55,286,31579,7,0.061654,0.927497,0.08279872600000715,0.03807844999999954
bridge,1,frontier,1,24,7,6,11,0,0,1,55,286,31670,7,0.061607,0.985587,0.08924064500000384,0.040269807999999685
bridge,1,unguarded,1,24,15,0,9,16,16,1,55,286,31929,7,0.065456,1.000496,0.10577379599999404,0.04296068499999972
bridge,1,marginal,1,24,7,6,11,0,0,1,55,286,31722,7,0.061962,0.940055,0.0809088240000051,0.03834080099999948
bridge,2,epoch,1,24,0,15,9,0,0,1,55,282,30263,7,0.060127,0.880265,0.06981372300000999,0.037637784000000174
bridge,2,branch,1,24,5,12,7,0,0,1,55,282,30497,7,0.060053,0.908467,0.07360310400000003,0.03538628199999927
bridge,2,envelope,1,24,6,11,7,0,0,1,55,282,31225,7,0.059083,0.952427,0.0854603380000043,0.03663094900000008
bridge,2,frontier,1,24,5,12,7,0,0,1,55,282,30647,7,0.057919,0.922546,0.07544874100000243,0.0361417709999996
bridge,2,unguarded,1,24,20,0,4,15,18,1,55,282,31586,7,0.068706,0.946084,0.10033159999998986,0.04272872900000024
bridge,2,marginal,1,24,8,10,6,1,0,1,55,282,31172,7,0.061829,0.944193,0.074055443000006,0.03642254399999967
bridge,3,epoch,1,24,0,16,8,0,0,1,55,282,30186,7,0.062022,0.900302,0.07155660600000147,0.0353832229999993
bridge,3,branch,1,24,3,14,7,0,0,1,55,282,30807,7,0.058447,0.953286,0.07421677099999613,0.03544565300000002
bridge,3,envelope,1,24,1,15,8,0,0,1,55,282,30864,7,0.058048,0.906464,0.06800922499999729,0.03529539400000026
bridge,3,frontier,1,24,3,14,7,0,0,1,55,282,30957,7,0.063583,0.906878,0.0760619819999988,0.03788723400000027
bridge,3,unguarded,1,24,15,0,9,24,24,1,55,282,30938,7,0.067705,0.98557,0.09447835200001009,0.041137071000000525
bridge,3,marginal,1,24,5,12,7,12,0,1,55,282,31189,7,0.059941,1.000123,0.0779926230000001,0.034947992000000205
bridge,4,epoch,1,24,0,20,4,0,0,1,55,286,30412,7,0.058486,0.915197,0.06626318099999651,0.034366014999999805
bridge,4,branch,1,24,7,13,4,0,0,1,55,286,31622,7,0.062574,0.889823,0.08061923900000068,0.03864952899999974
bridge,4,envelope,1,24,7,13,4,0,0,1,55,286,32453,7,0.061768,0.944092,0.08457642599999815,0.039053618999999706
bridge,4,frontier,1,24,7,13,4,0,0,1,55,286,31772,7,0.062476,0.968987,0.08280541800000663,0.04031683400000041
bridge,4,unguarded,1,24,17,0,7,22,22,1,55,286,32137,7,0.06581,0.99132,0.10506107100000861,0.042365954000000094
bridge,4,marginal,1,24,10,10,4,0,0,1,55,286,32151,7,0.062061,0.962615,0.08397125600001232,0.038253309999999985
bridge,5,epoch,1,24,0,16,8,0,0,1,55,286,30634,7,0.057257,0.89077,0.06584864100000232,0.03433027200000005
bridge,5,branch,1,24,5,13,6,0,0,1,55,286,30885,7,0.058689,0.95439,0.08442647699999384,0.03710951900000037
bridge,5,envelope,1,24,5,12,7,0,0,1,55,286,31260,7,0.063489,0.968123,0.07657161199999507,0.038314755000000034
bridge,5,frontier,1,24,5,13,6,0,0,1,55,286,31035,7,0.064311,0.953631,0.08864319799999976,0.041402508000000005
bridge,5,unguarded,1,24,18,0,6,22,23,1,55,286,31913,7,0.062836,1.008551,0.10421788099999674,0.042720860000000194
bridge,5,marginal,1,24,10,6,8,9,0,1,55,286,31629,7,0.061882,0.991409,0.08101267400000722,0.03730481000000019
