dimension,profiles_per_owner,edges,seed,search_states,safe_complete,unsafe_pruned,frontier_size,product_mass,guard_terms,solver_wall_ns
2,3,3,2354,5,2,5,1,2,3,372568
2,3,3,2355,5,2,7,1,2,3,262433
2,3,3,2356,5,2,7,1,2,3,251804
2,3,3,2357,5,2,7,1,2,3,237443
2,3,3,2358,5,2,5,1,2,3,258064
2,3,3,2359,5,2,7,1,2,3,238480
2,3,3,2360,4,1,8,1,1,2,234501
2,3,3,2361,5,2,5,1,2,3,223353
2,3,3,2362,5,2,5,1,2,3,222429
2,3,3,2363,5,2,5,1,2,3,231350
2,3,6,2405,9,4,12,1,3,4,375084
2,3,6,2406,9,4,12,1,3,4,355786
2,3,6,2407,11,6,10,2,4,4,381561
2,3,6,2408,9,4,12,1,3,4,419514
2,3,6,2409,9,4,12,1,3,4,386058
2,3,6,2410,7,2,14,1,2,3,409312
2,3,6,2411,7,2,14,1,2,3,455397
2,3,6,2412,8,3,13,2,2,3,458872
2,3,6,2413,9,4,12,1,3,4,491749
2,3,6,2414,9,4,12,1,3,4,424417
2,4,4,2472,7,2,19,1,2,3,523822
2,4,4,2473,5,2,15,1,2,3,401034
2,4,4,2474,10,8,1,1,4,5,370975
2,4,4,2475,7,2,19,1,2,3,524655
2,4,4,2476,10,1,63,1,1,2,688205
2,4,4,2477,5,2,9,1,2,3,372194
2,4,4,2478,6,1,32,1,1,2,505820
2,4,4,2479,5,2,15,1,2,3,401845
2,4,4,2480,5,2,15,1,2,3,352962
2,4,4,2481,7,2,19,1,2,3,458795
2,4,8,2540,13,4,60,1,4,4,976571
2,4,8,2541,15,6,58,2,4,4,1043505
2,4,8,2542,14,5,59,2,3,4,1219331
2,4,8,2543,12,3,61,2,2,3,1102878
2,4,8,2544,14,5,59,2,3,4,1131120
2,4,8,2545,13,8,25,1,4,5,1078339
2,4,8,2546,14,5,59,2,3,4,1313559
2,4,8,2547,13,4,60,1,3,4,1309009
2,4,8,2548,11,2,62,1,2,3,1277908
2,4,8,2549,21,12,52,3,4,5,1230671
2,5,5,2590,11,2,71,1,2,3,1201420
2,5,5,2591,7,2,19,1,2,3,531591
2,5,5,2592,11,2,71,1,2,3,1717612
2,5,5,2593,7,2,35,1,2,3,831797
2,5,5,2594,6,1,36,1,1,2,916651
2,5,5,2595,5,2,17,1,2,3,614528
2,5,5,2596,8,3,34,2,2,3,872949
2,5,5,2597,7,4,29,1,3,4,780893
2,5,5,2598,10,5,16,2,3,4,605340
2,5,5,2599,9,4,61,1,3,4,1112817
2,5,8,2641,15,6,67,2,4,4,1639820
2,5,8,2642,11,2,127,1,2,3,2020511
2,5,8,2643,16,7,122,2,3,4,2247241
2,5,8,2644,19,10,119,2,4,5,2963960
2,5,8,2645,22,5,251,2,3,4,3642941
2,5,8,2646,20,3,253,2,2,3,3674689
2,5,8,2647,13,4,125,1,3,4,2323394
2,5,8,2648,11,2,127,1,2,3,1951658
2,5,8,2649,14,5,124,2,3,4,2122864
2,5,8,2650,14,5,124,2,3,4,1891412
2,6,6,2708,7,2,35,1,2,3,830843
2,6,6,2709,13,8,61,1,4,5,1420908
2,6,6,2710,12,3,134,2,2,3,2194115
2,6,6,2711,7,2,67,1,2,3,1513275
2,6,6,2712,10,1,136,1,1,2,2074107
2,6,6,2713,14,9,28,2,4,5,1150403
2,6,6,2714,9,4,33,1,3,4,927082
2,6,6,2715,11,6,31,2,4,4,1039486
2,6,6,2716,9,4,65,1,3,4,1670182
2,6,6,2717,13,4,133,1,3,4,2453777
2,6,8,2742,13,8,29,1,6,5,1119196
2,6,8,2743,12,3,134,2,2,3,2296362
2,6,8,2744,21,4,269,1,3,4,3961233
2,6,8,2745,19,2,511,1,2,3,5619604
2,6,8,2746,20,3,270,2,2,3,3806811
2,6,8,2747,18,1,512,1,1,2,5983394
2,6,8,2748,20,11,246,2,4,5,3701990
2,6,8,2749,17,8,129,3,4,4,2374886
2,6,8,2750,19,2,271,1,2,3,3997445
2,6,8,2751,17,8,249,1,4,5,3234094
2,7,7,2826,20,3,270,2,2,3,3576538
2,7,7,2827,20,3,270,2,2,3,3687202
2,7,7,2828,19,2,527,1,2,3,7603303
2,7,7,2829,21,4,269,1,3,4,3887007
2,7,7,2830,18,1,272,1,1,2,3381907
2,7,7,2831,19,2,271,1,2,3,3610513
2,7,7,2832,13,4,133,1,3,4,2267946
2,7,7,2833,13,4,133,1,4,4,2343412
2,7,7,2834,12,3,262,2,2,3,4292233
2,7,7,2835,34,1,1056,1,1,2,11484057
2,7,8,2843,19,2,527,1,2,3,6816907
2,7,8,2844,14,5,132,2,3,4,2567860
2,7,8,2845,19,2,271,1,2,3,4669639
2,7,8,2846,14,5,260,2,3,4,4440404
2,7,8,2847,17,8,257,1,4,5,4283445
2,7,8,2848,25,8,265,1,4,5,3892617
2,7,8,2849,11,2,135,1,2,3,2219991
2,7,8,2850,22,5,268,2,3,4,4330421
2,7,8,2851,35,2,1055,1,2,3,12345676
2,7,8,2852,19,2,271,1,2,3,3831275
2,8,8,2944,21,4,525,1,3,4,7105933
2,8,8,2945,18,1,528,1,1,2,7053471
2,8,8,2946,19,2,271,1,2,3,4311390
2,8,8,2947,11,2,263,1,2,3,4295838
2,8,8,2948,11,2,135,1,2,3,2401457
2,8,8,2949,19,2,527,1,2,3,6700274
2,8,8,2950,20,3,270,2,2,3,3908421
2,8,8,2951,35,2,1055,1,2,3,12983914
2,8,8,2952,19,2,271,1,2,3,3865320
2,8,8,2953,13,4,133,1,3,4,2208298
3,3,8,2100,15,4,30,3,2,4,773162
3,3,8,2101,10,3,18,2,2,4,609386
3,3,8,2102,16,3,37,2,2,4,851439
3,3,8,2103,11,2,26,1,2,4,724601
3,3,8,2104,10,1,27,1,1,3,653309
3,3,8,2105,11,2,26,1,2,4,618336
3,3,8,2106,16,2,41,1,2,4,928614
3,3,8,2107,10,1,27,1,1,3,819002
3,3,8,2108,8,2,17,1,2,4,625232
3,3,8,2109,11,2,26,1,2,4,738115
3,3,8,2110,18,3,43,2,2,4,1058972
3,3,8,2111,19,2,50,1,2,4,1135736
3,3,8,2112,17,2,44,1,2,4,1045657
3,3,8,2113,14,3,31,2,2,4,803196
3,3,8,2114,12,5,16,2,3,5,647261
3,3,8,2115,9,2,19,1,2,4,566970
3,3,8,2116,10,1,27,1,1,3,629696
3,3,8,2117,20,7,33,3,4,5,1033068
3,3,8,2118,11,3,22,2,2,4,676231
3,3,8,2119,12,5,16,2,4,5,690714
