family,seed,edges,start_left,start_right,oracle_frontier,exact_frontier,exact_product_mass,greedy_product_mass,exact_states,exact_terms,fixed_installed,greedy_installed,exact_installed,central_installed,fixed_blocked,greedy_blocked,exact_blocked,central_blocked,exact_central_gap,exact_minus_greedy
diagonal,1000,4,2,2,1,1,1,1,10,2,0,0,0,0,38,38,38,38,0,0
diagonal,1001,4,2,2,1,1,1,1,10,2,0,0,0,0,38,38,38,38,0,0
diagonal,1002,4,1,1,1,1,1,1,10,2,0,0,0,0,37,37,37,37,0,0
diagonal,1003,4,2,2,1,1,1,1,10,2,0,0,0,0,34,34,34,34,0,0
diagonal,1004,4,1,1,1,1,1,1,10,2,0,0,0,0,34,34,34,34,0,0
diagonal,1005,4,0,0,1,1,1,1,10,2,0,0,0,0,38,38,38,38,0,0
diagonal,1006,4,1,1,1,1,1,1,10,2,0,0,0,0,40,40,40,40,0,0
diagonal,1007,4,0,0,1,1,1,1,10,2,0,0,0,0,34,34,34,34,0,0
diagonal,1008,4,3,3,1,1,1,1,10,2,0,0,0,0,36,36,36,36,0,0
diagonal,1009,4,1,1,1,1,1,1,10,2,0,0,0,0,39,39,39,39,0,0
diagonal,1010,4,1,1,1,1,1,1,10,2,0,0,0,0,34,34,34,34,0,0
diagonal,1011,4,2,2,1,1,1,1,10,2,0,0,0,0,30,30,30,30,0,0
diagonal,1012,4,3,3,1,1,1,1,10,2,0,0,0,0,36,36,36,36,0,0
diagonal,1013,4,3,3,1,1,1,1,10,2,0,0,0,0,40,40,40,40,0,0
diagonal,1014,4,3,3,1,1,1,1,10,2,0,0,0,0,33,33,33,33,0,0
diagonal,1015,4,0,0,1,1,1,1,10,2,0,0,0,0,34,34,34,34,0,0
diagonal,1016,4,0,0,1,1,1,1,10,2,0,0,0,0,37,37,37,37,0,0
diagonal,1017,4,3,3,1,1,1,1,10,2,0,0,0,0,43,43,43,43,0,0
diagonal,1018,4,1,1,1,1,1,1,10,2,0,0,0,0,37,37,37,37,0,0
diagonal,1019,4,0,0,1,1,1,1,10,2,0,0,0,0,39,39,39,39,0,0
diagonal,1020,4,3,3,1,1,1,1,10,2,0,0,0,0,31,31,31,31,0,0
diagonal,1021,4,2,2,1,1,1,1,10,2,0,0,0,0,35,35,35,35,0,0
diagonal,1022,4,0,0,1,1,1,1,10,2,0,0,0,0,41,41,41,41,0,0
diagonal,1023,4,0,0,1,1,1,1,10,2,0,0,0,0,33,33,33,33,0,0
diagonal,1024,4,1,1,1,1,1,1,10,2,0,0,0,0,39,39,39,39,0,0
diagonal,1025,4,1,1,1,1,1,1,10,2,0,0,0,0,39,39,39,39,0,0
diagonal,1026,4,1,1,1,1,1,1,10,2,0,0,0,0,40,40,40,40,0,0
diagonal,1027,4,3,3,1,1,1,1,10,2,0,0,0,0,35,35,35,35,0,0
diagonal,1028,4,3,3,1,1,1,1,10,2,0,0,0,0,40,40,40,40,0,0
diagonal,1029,4,2,2,1,1,1,1,10,2,0,0,0,0,41,41,41,41,0,0
diagonal,1030,4,0,0,1,1,1,1,10,2,0,0,0,0,36,36,36,36,0,0
diagonal,1031,4,0,0,1,1,1,1,10,2,0,0,0,0,32,32,32,32,0,0
diagonal,1032,4,0,0,1,1,1,1,10,2,0,0,0,0,30,30,30,30,0,0
diagonal,1033,4,3,3,1,1,1,1,10,2,0,0,0,0,37,37,37,37,0,0
diagonal,1034,4,1,1,1,1,1,1,10,2,0,0,0,0,33,33,33,33,0,0
diagonal,1035,4,2,2,1,1,1,1,10,2,0,0,0,0,36,36,36,36,0,0
diagonal,1036,4,0,0,1,1,1,1,10,2,0,0,0,0,36,36,36,36,0,0
diagonal,1037,4,1,1,1,1,1,1,10,2,0,0,0,0,28,28,28,28,0,0
diagonal,1038,4,2,2,1,1,1,1,10,2,0,0,0,0,36,36,36,36,0,0
diagonal,1039,4,1,1,1,1,1,1,10,2,0,0,0,0,40,40,40,40,0,0
diagonal,1040,4,2,2,1,1,1,1,10,2,0,0,0,0,36,36,36,36,0,0
diagonal,1041,4,1,1,1,1,1,1,10,2,0,0,0,0,36,36,36,36,0,0
diagonal,1042,4,2,2,1,1,1,1,10,2,0,0,0,0,36,36,36,36,0,0
diagonal,1043,4,3,3,1,1,1,1,10,2,0,0,0,0,39,39,39,39,0,0
diagonal,1044,4,1,1,1,1,1,1,10,2,0,0,0,0,33,33,33,33,0,0
diagonal,1045,4,2,2,1,1,1,1,10,2,0,0,0,0,36,36,36,36,0,0
diagonal,1046,4,3,3,1,1,1,1,10,2,0,0,0,0,34,34,34,34,0,0
diagonal,1047,4,3,3,1,1,1,1,10,2,0,0,0,0,33,33,33,33,0,0
diagonal,1048,4,1,1,1,1,1,1,10,2,0,0,0,0,40,40,40,40,0,0
diagonal,1049,4,1,1,1,1,1,1,10,2,0,0,0,0,36,36,36,36,0,0
diagonal,1050,4,3,3,1,1,1,1,10,2,0,0,0,0,35,35,35,35,0,0
diagonal,1051,4,0,0,1,1,1,1,10,2,0,0,0,0,41,41,41,41,0,0
diagonal,1052,4,2,2,1,1,1,1,10,2,0,0,0,0,34,34,34,34,0,0
diagonal,1053,4,2,2,1,1,1,1,10,2,0,0,0,0,31,31,31,31,0,0
diagonal,1054,4,1,1,1,1,1,1,10,2,0,0,0,0,36,36,36,36,0,0
diagonal,1055,4,0,0,1,1,1,1,10,2,0,0,0,0,34,34,34,34,0,0
diagonal,1056,4,0,0,1,1,1,1,10,2,0,0,0,0,34,34,34,34,0,0
diagonal,1057,4,3,3,1,1,1,1,10,2,0,0,0,0,34,34,34,34,0,0
diagonal,1058,4,0,0,1,1,1,1,10,2,0,0,0,0,35,35,35,35,0,0
diagonal,1059,4,3,3,1,1,1,1,10,2,0,0,0,0,35,35,35,35,0,0
diagonal,1060,4,3,3,1,1,1,1,10,2,0,0,0,0,38,38,38,38,0,0
diagonal,1061,4,1,1,1,1,1,1,10,2,0,0,0,0,31,31,31,31,0,0
diagonal,1062,4,1,1,1,1,1,1,10,2,0,0,0,0,35,35,35,35,0,0
diagonal,1063,4,1,1,1,1,1,1,10,2,0,0,0,0,39,39,39,39,0,0
diagonal,1064,4,1,1,1,1,1,1,10,2,0,0,0,0,39,39,39,39,0,0
diagonal,1065,4,3,3,1,1,1,1,10,2,0,0,0,0,35,35,35,35,0,0
diagonal,1066,4,2,2,1,1,1,1,10,2,0,0,0,0,38,38,38,38,0,0
diagonal,1067,4,1,1,1,1,1,1,10,2,0,0,0,0,35,35,35,35,0,0
diagonal,1068,4,3,3,1,1,1,1,10,2,0,0,0,0,36,36,36,36,0,0
diagonal,1069,4,1,1,1,1,1,1,10,2,0,0,0,0,37,37,37,37,0,0
diagonal,1070,4,2,2,1,1,1,1,10,2,0,0,0,0,37,37,37,37,0,0
diagonal,1071,4,2,2,1,1,1,1,10,2,0,0,0,0,43,43,43,43,0,0
diagonal,1072,4,2,2,1,1,1,1,10,2,0,0,0,0,37,37,37,37,0,0
diagonal,1073,4,2,2,1,1,1,1,10,2,0,0,0,0,33,33,33,33,0,0
diagonal,1074,4,2,2,1,1,1,1,10,2,0,0,0,0,38,38,38,38,0,0
diagonal,1075,4,2,2,1,1,1,1,10,2,0,0,0,0,32,32,32,32,0,0
diagonal,1076,4,0,0,1,1,1,1,10,2,0,0,0,0,38,38,38,38,0,0
diagonal,1077,4,0,0,1,1,1,1,10,2,0,0,0,0,35,35,35,35,0,0
diagonal,1078,4,1,1,1,1,1,1,10,2,0,0,0,0,36,36,36,36,0,0
diagonal,1079,4,1,1,1,1,1,1,10,2,0,0,0,0,37,37,37,37,0,0
diagonal,1080,4,2,2,1,1,1,1,10,2,0,0,0,0,39,39,39,39,0,0
diagonal,1081,4,1,1,1,1,1,1,10,2,0,0,0,0,32,32,32,32,0,0
diagonal,1082,4,1,1,1,1,1,1,10,2,0,0,0,0,37,37,37,37,0,0
diagonal,1083,4,1,1,1,1,1,1,10,2,0,0,0,0,39,39,39,39,0,0
diagonal,1084,4,0,0,1,1,1,1,10,2,0,0,0,0,37,37,37,37,0,0
diagonal,1085,4,1,1,1,1,1,1,10,2,0,0,0,0,31,31,31,31,0,0
diagonal,1086,4,3,3,1,1,1,1,10,2,0,0,0,0,33,33,33,33,0,0
diagonal,1087,4,2,2,1,1,1,1,10,2,0,0,0,0,39,39,39,39,0,0
diagonal,1088,4,0,0,1,1,1,1,10,2,0,0,0,0,36,36,36,36,0,0
diagonal,1089,4,2,2,1,1,1,1,10,2,0,0,0,0,37,37,37,37,0,0
diagonal,1090,4,2,2,1,1,1,1,10,2,0,0,0,0,34,34,34,34,0,0
diagonal,1091,4,1,1,1,1,1,1,10,2,0,0,0,0,38,38,38,38,0,0
diagonal,1092,4,3,3,1,1,1,1,10,2,0,0,0,0,38,38,38,38,0,0
diagonal,1093,4,3,3,1,1,1,1,10,2,0,0,0,0,40,40,40,40,0,0
diagonal,1094,4,1,1,1,1,1,1,10,2,0,0,0,0,38,38,38,38,0,0
diagonal,1095,4,2,2,1,1,1,1,10,2,0,0,0,0,40,40,40,40,0,0
diagonal,1096,4,0,0,1,1,1,1,10,2,0,0,0,0,39,39,39,39,0,0
diagonal,1097,4,3,3,1,1,1,1,10,2,0,0,0,0,34,34,34,34,0,0
diagonal,1098,4,1,1,1,1,1,1,10,2,0,0,0,0,35,35,35,35,0,0
diagonal,1099,4,3,3,1,1,1,1,10,2,0,0,0,0,36,36,36,36,0,0
diagonal,1100,4,1,1,1,1,1,1,10,2,0,0,0,0,36,36,36,36,0,0
diagonal,1101,4,2,2,1,1,1,1,10,2,0,0,0,0,37,37,37,37,0,0
diagonal,1102,4,3,3,1,1,1,1,10,2,0,0,0,0,42,42,42,42,0,0
diagonal,1103,4,0,0,1,1,1,1,10,2,0,0,0,0,37,37,37,37,0,0
diagonal,1104,4,0,0,1,1,1,1,10,2,0,0,0,0,38,38,38,38,0,0
diagonal,1105,4,0,0,1,1,1,1,10,2,0,0,0,0,35,35,35,35,0,0
diagonal,1106,4,1,1,1,1,1,1,10,2,0,0,0,0,39,39,39,39,0,0
diagonal,1107,4,1,1,1,1,1,1,10,2,0,0,0,0,34,34,34,34,0,0
diagonal,1108,4,1,1,1,1,1,1,10,2,0,0,0,0,40,40,40,40,0,0
diagonal,1109,4,0,0,1,1,1,1,10,2,0,0,0,0,36,36,36,36,0,0
diagonal,1110,4,3,3,1,1,1,1,10,2,0,0,0,0,36,36,36,36,0,0
diagonal,1111,4,1,1,1,1,1,1,10,2,0,0,0,0,32,32,32,32,0,0
diagonal,1112,4,2,2,1,1,1,1,10,2,0,0,0,0,37,37,37,37,0,0
diagonal,1113,4,2,2,1,1,1,1,10,2,0,0,0,0,33,33,33,33,0,0
diagonal,1114,4,2,2,1,1,1,1,10,2,0,0,0,0,36,36,36,36,0,0
diagonal,1115,4,0,0,1,1,1,1,10,2,0,0,0,0,35,35,35,35,0,0
diagonal,1116,4,0,0,1,1,1,1,10,2,0,0,0,0,38,38,38,38,0,0
diagonal,1117,4,2,2,1,1,1,1,10,2,0,0,0,0,34,34,34,34,0,0
diagonal,1118,4,2,2,1,1,1,1,10,2,0,0,0,0,42,42,42,42,0,0
diagonal,1119,4,3,3,1,1,1,1,10,2,0,0,0,0,37,37,37,37,0,0
diagonal,1120,4,0,0,1,1,1,1,10,2,0,0,0,0,35,35,35,35,0,0
diagonal,1121,4,3,3,1,1,1,1,10,2,0,0,0,0,37,37,37,37,0,0
diagonal,1122,4,2,2,1,1,1,1,10,2,0,0,0,0,37,37,37,37,0,0
diagonal,1123,4,0,0,1,1,1,1,10,2,0,0,0,0,37,37,37,37,0,0
diagonal,1124,4,1,1,1,1,1,1,10,2,0,0,0,0,37,37,37,37,0,0
diagonal,1125,4,0,0,1,1,1,1,10,2,0,0,0,0,33,33,33,33,0,0
diagonal,1126,4,2,2,1,1,1,1,10,2,0,0,0,0,35,35,35,35,0,0
diagonal,1127,4,2,2,1,1,1,1,10,2,0,0,0,0,36,36,36,36,0,0
diagonal,1128,4,0,0,1,1,1,1,10,2,0,0,0,0,34,34,34,34,0,0
diagonal,1129,4,0,0,1,1,1,1,10,2,0,0,0,0,36,36,36,36,0,0
diagonal,1130,4,1,1,1,1,1,1,10,2,0,0,0,0,37,37,37,37,0,0
diagonal,1131,4,2,2,1,1,1,1,10,2,0,0,0,0,38,38,38,38,0,0
diagonal,1132,4,1,1,1,1,1,1,10,2,0,0,0,0,40,40,40,40,0,0
diagonal,1133,4,3,3,1,1,1,1,10,2,0,0,0,0,36,36,36,36,0,0
diagonal,1134,4,3,3,1,1,1,1,10,2,0,0,0,0,32,32,32,32,0,0
diagonal,1135,4,2,2,1,1,1,1,10,2,0,0,0,0,36,36,36,36,0,0
diagonal,1136,4,1,1,1,1,1,1,10,2,0,0,0,0,33,33,33,33,0,0
diagonal,1137,4,1,1,1,1,1,1,10,2,0,0,0,0,39,39,39,39,0,0
diagonal,1138,4,1,1,1,1,1,1,10,2,0,0,0,0,38,38,38,38,0,0
diagonal,1139,4,3,3,1,1,1,1,10,2,0,0,0,0,37,37,37,37,0,0
diagonal,1140,4,2,2,1,1,1,1,10,2,0,0,0,0,36,36,36,36,0,0
diagonal,1141,4,2,2,1,1,1,1,10,2,0,0,0,0,38,38,38,38,0,0
diagonal,1142,4,0,0,1,1,1,1,10,2,0,0,0,0,40,40,40,40,0,0
diagonal,1143,4,1,1,1,1,1,1,10,2,0,0,0,0,31,31,31,31,0,0
diagonal,1144,4,2,2,1,1,1,1,10,2,0,0,0,0,36,36,36,36,0,0
diagonal,1145,4,3,3,1,1,1,1,10,2,0,0,0,0,32,32,32,32,0,0
diagonal,1146,4,3,3,1,1,1,1,10,2,0,0,0,0,29,29,29,29,0,0
diagonal,1147,4,0,0,1,1,1,1,10,2,0,0,0,0,34,34,34,34,0,0
diagonal,1148,4,0,0,1,1,1,1,10,2,0,0,0,0,36,36,36,36,0,0
diagonal,1149,4,0,0,1,1,1,1,10,2,0,0,0,0,34,34,34,34,0,0
diagonal,1150,4,3,3,1,1,1,1,10,2,0,0,0,0,36,36,36,36,0,0
diagonal,1151,4,3,3,1,1,1,1,10,2,0,0,0,0,38,38,38,38,0,0
diagonal,1152,4,1,1,1,1,1,1,10,2,0,0,0,0,36,36,36,36,0,0
diagonal,1153,4,2,2,1,1,1,1,10,2,0,0,0,0,36,36,36,36,0,0
diagonal,1154,4,3,3,1,1,1,1,10,2,0,0,0,0,31,31,31,31,0,0
diagonal,1155,4,3,3,1,1,1,1,10,2,0,0,0,0,36,36,36,36,0,0
diagonal,1156,4,2,2,1,1,1,1,10,2,0,0,0,0,30,30,30,30,0,0
diagonal,1157,4,3,3,1,1,1,1,10,2,0,0,0,0,36,36,36,36,0,0
diagonal,1158,4,2,2,1,1,1,1,10,2,0,0,0,0,31,31,31,31,0,0
diagonal,1159,4,0,0,1,1,1,1,10,2,0,0,0,0,40,40,40,40,0,0
diagonal,1160,4,2,2,1,1,1,1,10,2,0,0,0,0,30,30,30,30,0,0
diagonal,1161,4,3,3,1,1,1,1,10,2,0,0,0,0,36,36,36,36,0,0
diagonal,1162,4,1,1,1,1,1,1,10,2,0,0,0,0,33,33,33,33,0,0
diagonal,1163,4,3,3,1,1,1,1,10,2,0,0,0,0,35,35,35,35,0,0
diagonal,1164,4,2,2,1,1,1,1,10,2,0,0,0,0,38,38,38,38,0,0
diagonal,1165,4,3,3,1,1,1,1,10,2,0,0,0,0,33,33,33,33,0,0
diagonal,1166,4,1,1,1,1,1,1,10,2,0,0,0,0,35,35,35,35,0,0
diagonal,1167,4,2,2,1,1,1,1,10,2,0,0,0,0,36,36,36,36,0,0
diagonal,1168,4,1,1,1,1,1,1,10,2,0,0,0,0,37,37,37,37,0,0
diagonal,1169,4,3,3,1,1,1,1,10,2,0,0,0,0,34,34,34,34,0,0
diagonal,1170,4,0,0,1,1,1,1,10,2,0,0,0,0,37,37,37,37,0,0
diagonal,1171,4,1,1,1,1,1,1,10,2,0,0,0,0,40,40,40,40,0,0
diagonal,1172,4,3,3,1,1,1,1,10,2,0,0,0,0,39,39,39,39,0,0
diagonal,1173,4,1,1,1,1,1,1,10,2,0,0,0,0,35,35,35,35,0,0
diagonal,1174,4,3,3,1,1,1,1,10,2,0,0,0,0,36,36,36,36,0,0
diagonal,1175,4,0,0,1,1,1,1,10,2,0,0,0,0,34,34,34,34,0,0
diagonal,1176,4,0,0,1,1,1,1,10,2,0,0,0,0,37,37,37,37,0,0
diagonal,1177,4,3,3,1,1,1,1,10,2,0,0,0,0,33,33,33,33,0,0
diagonal,1178,4,1,1,1,1,1,1,10,2,0,0,0,0,37,37,37,37,0,0
diagonal,1179,4,2,2,1,1,1,1,10,2,0,0,0,0,38,38,38,38,0,0
diagonal,1180,4,1,1,1,1,1,1,10,2,0,0,0,0,35,35,35,35,0,0
diagonal,1181,4,0,0,1,1,1,1,10,2,0,0,0,0,30,30,30,30,0,0
diagonal,1182,4,3,3,1,1,1,1,10,2,0,0,0,0,34,34,34,34,0,0
diagonal,1183,4,2,2,1,1,1,1,10,2,0,0,0,0,34,34,34,34,0,0
diagonal,1184,4,1,1,1,1,1,1,10,2,0,0,0,0,33,33,33,33,0,0
diagonal,1185,4,2,2,1,1,1,1,10,2,0,0,0,0,32,32,32,32,0,0
diagonal,1186,4,1,1,1,1,1,1,10,2,0,0,0,0,35,35,35,35,0,0
diagonal,1187,4,1,1,1,1,1,1,10,2,0,0,0,0,42,42,42,42,0,0
diagonal,1188,4,1,1,1,1,1,1,10,2,0,0,0,0,35,35,35,35,0,0
diagonal,1189,4,3,3,1,1,1,1,10,2,0,0,0,0,34,34,34,34,0,0
diagonal,1190,4,0,0,1,1,1,1,10,2,0,0,0,0,39,39,39,39,0,0
diagonal,1191,4,2,2,1,1,1,1,10,2,0,0,0,0,39,39,39,39,0,0
diagonal,1192,4,2,2,1,1,1,1,10,2,0,0,0,0,41,41,41,41,0,0
diagonal,1193,4,0,0,1,1,1,1,10,2,0,0,0,0,41,41,41,41,0,0
diagonal,1194,4,3,3,1,1,1,1,10,2,0,0,0,0,33,33,33,33,0,0
diagonal,1195,4,0,0,1,1,1,1,10,2,0,0,0,0,37,37,37,37,0,0
diagonal,1196,4,3,3,1,1,1,1,10,2,0,0,0,0,29,29,29,29,0,0
diagonal,1197,4,1,1,1,1,1,1,10,2,0,0,0,0,35,35,35,35,0,0
diagonal,1198,4,1,1,1,1,1,1,10,2,0,0,0,0,32,32,32,32,0,0
diagonal,1199,4,3,3,1,1,1,1,10,2,0,0,0,0,32,32,32,32,0,0
diagonal,1200,4,1,1,1,1,1,1,10,2,0,0,0,0,37,37,37,37,0,0
diagonal,1201,4,0,0,1,1,1,1,10,2,0,0,0,0,36,36,36,36,0,0
diagonal,1202,4,0,0,1,1,1,1,10,2,0,0,0,0,39,39,39,39,0,0
diagonal,1203,4,0,0,1,1,1,1,10,2,0,0,0,0,34,34,34,34,0,0
diagonal,1204,4,3,3,1,1,1,1,10,2,0,0,0,0,38,38,38,38,0,0
diagonal,1205,4,0,0,1,1,1,1,10,2,0,0,0,0,34,34,34,34,0,0
diagonal,1206,4,2,2,1,1,1,1,10,2,0,0,0,0,31,31,31,31,0,0
diagonal,1207,4,1,1,1,1,1,1,10,2,0,0,0,0,40,40,40,40,0,0
diagonal,1208,4,3,3,1,1,1,1,10,2,0,0,0,0,34,34,34,34,0,0
diagonal,1209,4,2,2,1,1,1,1,10,2,0,0,0,0,34,34,34,34,0,0
diagonal,1210,4,0,0,1,1,1,1,10,2,0,0,0,0,36,36,36,36,0,0
diagonal,1211,4,1,1,1,1,1,1,10,2,0,0,0,0,36,36,36,36,0,0
diagonal,1212,4,0,0,1,1,1,1,10,2,0,0,0,0,39,39,39,39,0,0
diagonal,1213,4,3,3,1,1,1,1,10,2,0,0,0,0,36,36,36,36,0,0
diagonal,1214,4,3,3,1,1,1,1,10,2,0,0,0,0,34,34,34,34,0,0
diagonal,1215,4,0,0,1,1,1,1,10,2,0,0,0,0,35,35,35,35,0,0
diagonal,1216,4,0,0,1,1,1,1,10,2,0,0,0,0,36,36,36,36,0,0
diagonal,1217,4,3,3,1,1,1,1,10,2,0,0,0,0,36,36,36,36,0,0
diagonal,1218,4,1,1,1,1,1,1,10,2,0,0,0,0,29,29,29,29,0,0
diagonal,1219,4,0,0,1,1,1,1,10,2,0,0,0,0,36,36,36,36,0,0
diagonal,1220,4,2,2,1,1,1,1,10,2,0,0,0,0,31,31,31,31,0,0
diagonal,1221,4,2,2,1,1,1,1,10,2,0,0,0,0,36,36,36,36,0,0
diagonal,1222,4,3,3,1,1,1,1,10,2,0,0,0,0,33,33,33,33,0,0
diagonal,1223,4,2,2,1,1,1,1,10,2,0,0,0,0,37,37,37,37,0,0
diagonal,1224,4,2,2,1,1,1,1,10,2,0,0,0,0,33,33,33,33,0,0
diagonal,1225,4,3,3,1,1,1,1,10,2,0,0,0,0,36,36,36,36,0,0
diagonal,1226,4,2,2,1,1,1,1,10,2,0,0,0,0,35,35,35,35,0,0
diagonal,1227,4,2,2,1,1,1,1,10,2,0,0,0,0,37,37,37,37,0,0
diagonal,1228,4,0,0,1,1,1,1,10,2,0,0,0,0,33,33,33,33,0,0
diagonal,1229,4,1,1,1,1,1,1,10,2,0,0,0,0,35,35,35,35,0,0
diagonal,1230,4,2,2,1,1,1,1,10,2,0,0,0,0,35,35,35,35,0,0
diagonal,1231,4,3,3,1,1,1,1,10,2,0,0,0,0,36,36,36,36,0,0
diagonal,1232,4,3,3,1,1,1,1,10,2,0,0,0,0,38,38,38,38,0,0
diagonal,1233,4,3,3,1,1,1,1,10,2,0,0,0,0,38,38,38,38,0,0
diagonal,1234,4,2,2,1,1,1,1,10,2,0,0,0,0,36,36,36,36,0,0
diagonal,1235,4,2,2,1,1,1,1,10,2,0,0,0,0,38,38,38,38,0,0
diagonal,1236,4,2,2,1,1,1,1,10,2,0,0,0,0,35,35,35,35,0,0
diagonal,1237,4,2,2,1,1,1,1,10,2,0,0,0,0,39,39,39,39,0,0
diagonal,1238,4,3,3,1,1,1,1,10,2,0,0,0,0,36,36,36,36,0,0
diagonal,1239,4,1,1,1,1,1,1,10,2,0,0,0,0,38,38,38,38,0,0
cycle,1000,8,2,2,2,2,2,2,12,3,0,8,8,13,37,29,29,29,5,0
cycle,1001,8,2,3,2,2,2,2,12,3,0,10,4,10,35,27,31,24,6,-6
cycle,1002,8,1,2,2,2,2,2,12,3,0,8,3,15,41,35,36,19,12,-5
cycle,1003,8,2,2,2,2,2,2,12,3,0,7,7,13,41,33,33,21,6,0
cycle,1004,8,1,1,2,2,2,2,12,3,0,3,3,10,39,33,33,21,7,0
cycle,1005,8,0,1,2,2,2,2,12,3,0,8,8,16,35,26,29,18,8,0
cycle,1006,8,1,2,2,2,2,2,12,3,0,8,6,13,40,33,34,22,7,-2
cycle,1007,8,0,0,2,2,2,2,12,3,0,8,10,14,31,25,22,26,4,2
cycle,1008,8,3,0,2,2,2,2,12,3,0,4,4,11,36,30,30,28,7,0
cycle,1009,8,1,2,2,2,2,2,12,3,0,6,6,6,31,25,27,29,0,0
cycle,1010,8,1,2,2,2,2,2,12,3,0,8,6,12,34,26,28,24,6,-2
cycle,1011,8,2,3,2,2,2,2,12,3,0,10,4,14,33,25,31,25,10,-6
cycle,1012,8,3,0,2,2,2,2,12,3,0,6,6,7,34,29,29,29,1,0
cycle,1013,8,3,0,2,2,2,2,12,3,0,9,9,15,35,29,29,24,6,0
cycle,1014,8,3,0,2,2,2,2,12,3,0,6,6,12,40,30,30,25,6,0
cycle,1015,8,0,0,2,2,2,2,12,3,0,2,6,11,35,34,28,26,5,4
cycle,1016,8,0,1,2,2,2,2,12,3,0,1,4,8,39,36,33,31,4,3
cycle,1017,8,3,0,2,2,2,2,12,3,0,7,7,15,34,27,27,19,8,0
cycle,1018,8,1,1,2,2,2,2,12,3,0,2,2,14,37,30,30,18,12,0
cycle,1019,8,0,0,2,2,2,2,12,3,0,5,4,16,38,30,35,21,12,-1
cycle,1020,8,3,0,2,2,2,2,12,3,0,6,6,12,33,28,28,22,6,0
cycle,1021,8,2,3,2,2,2,2,12,3,0,5,6,19,39,33,36,19,13,1
cycle,1022,8,0,1,2,2,2,2,12,3,0,6,4,9,35,32,26,26,5,-2
cycle,1023,8,0,0,2,2,2,2,12,3,0,6,6,12,33,30,28,27,6,0
cycle,1024,8,1,1,2,2,2,2,12,3,0,2,2,13,36,35,35,26,11,0
cycle,1025,8,1,1,2,2,2,2,12,3,0,10,10,10,34,28,28,24,0,0
cycle,1026,8,1,1,2,2,2,2,12,3,0,6,6,14,31,27,27,22,8,0
cycle,1027,8,3,0,2,2,2,2,12,3,0,6,6,11,33,28,28,25,5,0
cycle,1028,8,3,0,2,2,2,2,12,3,0,7,7,13,33,28,28,23,6,0
cycle,1029,8,2,2,2,2,2,2,12,3,0,4,4,13,38,32,32,22,9,0
cycle,1030,8,0,1,2,2,2,2,12,3,0,7,4,11,41,34,33,27,7,-3
cycle,1031,8,0,0,2,2,2,2,12,3,0,3,6,13,37,30,32,22,7,3
cycle,1032,8,0,1,2,2,2,2,12,3,0,5,6,14,34,31,29,24,8,1
cycle,1033,8,3,0,2,2,2,2,12,3,0,6,6,9,33,30,30,24,3,0
cycle,1034,8,1,2,2,2,2,2,12,3,0,6,8,16,35,29,30,23,8,2
cycle,1035,8,2,2,2,2,2,2,12,3,0,9,9,16,40,28,28,24,7,0
cycle,1036,8,0,1,2,2,2,2,12,3,0,8,8,14,34,24,27,23,6,0
cycle,1037,8,1,2,2,2,2,2,12,3,0,8,4,12,37,29,31,24,8,-4
cycle,1038,8,2,2,2,2,2,2,12,3,0,10,10,15,33,25,25,24,5,0
cycle,1039,8,1,1,2,2,2,2,12,3,0,6,6,14,35,29,29,24,8,0
cycle,1040,8,2,2,2,2,2,2,12,3,0,5,5,14,36,30,30,28,9,0
cycle,1041,8,1,1,2,2,2,2,12,3,0,7,7,14,36,30,30,28,7,0
cycle,1042,8,2,3,2,2,2,2,12,3,0,7,5,11,37,31,32,25,6,-2
cycle,1043,8,3,0,2,2,2,2,12,3,0,5,5,8,38,35,35,25,3,0
cycle,1044,8,1,2,2,2,2,2,12,3,0,9,10,13,35,25,28,21,3,1
cycle,1045,8,2,3,2,2,2,2,12,3,0,1,9,6,39,35,30,30,-3,8
cycle,1046,8,3,0,2,2,2,2,12,3,0,10,10,14,36,30,30,23,4,0
cycle,1047,8,3,0,2,2,2,2,12,3,0,10,10,16,32,26,26,25,6,0
cycle,1048,8,1,1,2,2,2,2,12,3,0,8,8,12,33,28,28,22,4,0
cycle,1049,8,1,2,2,2,2,2,12,3,0,6,3,6,40,33,37,23,3,-3
cycle,1050,8,3,0,2,2,2,2,12,3,0,5,5,14,40,32,32,21,9,0
cycle,1051,8,0,1,2,2,2,2,12,3,0,5,8,10,38,31,32,23,2,3
cycle,1052,8,2,2,2,2,2,2,12,3,0,8,8,12,31,24,24,24,4,0
cycle,1053,8,2,2,2,2,2,2,12,3,0,7,7,9,38,29,29,30,2,0
cycle,1054,8,1,2,2,2,2,2,12,3,0,9,8,16,39,29,32,18,8,-1
cycle,1055,8,0,1,2,2,2,2,12,3,0,7,5,11,38,32,29,22,6,-2
cycle,1056,8,0,1,2,2,2,2,12,3,0,8,4,14,32,28,29,21,10,-4
cycle,1057,8,3,3,2,2,2,2,12,3,0,3,3,11,41,36,36,22,8,0
cycle,1058,8,0,1,2,2,2,2,12,3,0,5,2,12,34,29,30,21,10,-3
cycle,1059,8,3,3,2,2,2,2,12,3,0,7,7,11,34,27,27,25,4,0
cycle,1060,8,3,3,2,2,2,2,12,3,0,5,5,14,42,34,34,24,9,0
cycle,1061,8,1,1,2,2,2,2,12,3,0,5,5,14,36,33,33,19,9,0
cycle,1062,8,1,1,2,2,2,2,12,3,0,5,5,8,35,31,31,26,3,0
cycle,1063,8,1,2,2,2,2,2,12,3,0,7,6,20,38,33,32,18,14,-1
cycle,1064,8,1,2,2,2,2,2,12,3,0,5,5,7,32,28,27,26,2,0
cycle,1065,8,3,3,2,2,2,2,12,3,0,7,7,9,42,32,32,31,2,0
cycle,1066,8,2,2,2,2,2,2,12,3,0,7,7,11,38,31,31,25,4,0
cycle,1067,8,1,2,2,2,2,2,12,3,0,3,2,14,41,33,36,21,12,-1
cycle,1068,8,3,0,2,2,2,2,12,3,0,7,7,15,31,24,24,17,8,0
cycle,1069,8,1,2,2,2,2,2,12,3,0,6,7,9,35,28,30,25,2,1
cycle,1070,8,2,3,2,2,2,2,12,3,0,5,8,12,37,29,31,23,4,3
cycle,1071,8,2,3,2,2,2,2,12,3,0,3,6,9,34,29,30,28,3,3
cycle,1072,8,2,3,2,2,2,2,12,3,0,6,8,16,34,26,25,17,8,2
cycle,1073,8,2,3,2,2,2,2,12,3,0,10,4,16,37,26,32,21,12,-6
cycle,1074,8,2,3,2,2,2,2,12,3,0,5,9,10,34,28,27,23,1,4
cycle,1075,8,2,2,2,2,2,2,12,3,0,8,8,10,37,27,27,28,2,0
cycle,1076,8,0,1,2,2,2,2,12,3,0,5,6,13,36,29,31,22,7,1
cycle,1077,8,0,0,2,2,2,2,12,3,0,0,6,9,35,35,30,25,3,6
cycle,1078,8,1,2,2,2,2,2,12,3,0,7,3,14,34,27,30,24,11,-4
cycle,1079,8,1,2,2,2,2,2,12,3,0,7,7,10,38,27,32,27,3,0
cycle,1080,8,2,3,2,2,2,2,12,3,0,3,8,10,34,29,29,24,2,5
cycle,1081,8,1,2,2,2,2,2,12,3,0,3,3,9,37,32,35,29,6,0
cycle,1082,8,1,1,2,2,2,2,12,3,0,5,5,13,38,32,32,20,8,0
cycle,1083,8,1,1,2,2,2,2,12,3,0,10,10,12,38,30,30,21,2,0
cycle,1084,8,0,1,2,2,2,2,12,3,0,7,9,13,35,30,30,23,4,2
cycle,1085,8,1,2,2,2,2,2,12,3,0,7,5,12,41,33,36,22,7,-2
cycle,1086,8,3,0,2,2,2,2,12,3,0,7,7,11,41,36,36,21,4,0
cycle,1087,8,2,3,2,2,2,2,12,3,0,6,7,12,35,30,29,24,5,1
cycle,1088,8,0,0,2,2,2,2,12,3,0,6,3,14,37,31,31,21,11,-3
cycle,1089,8,2,3,2,2,2,2,12,3,0,7,10,13,34,27,29,23,3,3
cycle,1090,8,2,2,2,2,2,2,12,3,0,8,8,11,35,27,27,33,3,0
cycle,1091,8,1,1,2,2,2,2,12,3,0,8,8,13,34,25,25,19,5,0
cycle,1092,8,3,3,2,2,2,2,12,3,0,6,6,11,38,35,35,22,5,0
cycle,1093,8,3,3,2,2,2,2,12,3,0,9,9,12,37,29,29,21,3,0
cycle,1094,8,1,2,2,2,2,2,12,3,0,8,7,13,39,35,31,21,6,-1
cycle,1095,8,2,3,2,2,2,2,12,3,0,4,4,16,40,36,36,22,12,0
cycle,1096,8,0,0,2,2,2,2,12,3,0,7,5,11,36,31,29,24,6,-2
cycle,1097,8,3,0,2,2,2,2,12,3,0,5,5,11,35,26,26,23,6,0
cycle,1098,8,1,1,2,2,2,2,12,3,0,10,10,16,37,32,32,23,6,0
cycle,1099,8,3,3,2,2,2,2,12,3,0,5,5,13,33,24,24,21,8,0
cycle,1100,8,1,2,2,2,2,2,12,3,0,3,1,5,37,33,30,31,4,-2
cycle,1101,8,2,3,2,2,2,2,12,3,0,5,4,10,36,33,32,28,6,-1
cycle,1102,8,3,0,2,2,2,2,12,3,0,8,8,11,38,28,28,24,3,0
cycle,1103,8,0,0,2,2,2,2,12,3,0,7,8,11,38,29,32,26,3,1
cycle,1104,8,0,0,2,2,2,2,12,3,0,6,6,7,38,32,32,28,1,0
cycle,1105,8,0,0,2,2,2,2,12,3,0,7,10,13,34,25,26,25,3,3
cycle,1106,8,1,2,2,2,2,2,12,3,0,8,7,15,34,30,26,22,8,-1
cycle,1107,8,1,1,2,2,2,2,12,3,0,6,6,18,34,30,30,27,12,0
cycle,1108,8,1,2,2,2,2,2,12,3,0,7,4,13,36,30,33,22,9,-3
cycle,1109,8,0,1,2,2,2,2,12,3,0,5,8,13,35,27,28,23,5,3
cycle,1110,8,3,3,2,2,2,2,12,3,0,3,3,9,34,32,32,25,6,0
cycle,1111,8,1,2,2,2,2,2,12,3,0,5,6,12,38,30,31,25,6,1
cycle,1112,8,2,2,2,2,2,2,12,3,0,8,8,7,29,23,23,25,-1,0
cycle,1113,8,2,2,2,2,2,2,12,3,0,7,7,13,35,26,26,23,6,0
cycle,1114,8,2,3,2,2,2,2,12,3,0,8,7,10,37,31,28,26,3,-1
cycle,1115,8,0,0,2,2,2,2,12,3,0,5,13,16,37,34,29,23,3,8
cycle,1116,8,0,0,2,2,2,2,12,3,0,9,5,10,39,33,30,24,5,-4
cycle,1117,8,2,3,2,2,2,2,12,3,0,5,5,19,37,33,31,20,14,0
cycle,1118,8,2,2,2,2,2,2,12,3,0,9,9,10,36,27,27,23,1,0
cycle,1119,8,3,3,2,2,2,2,12,3,0,10,10,19,33,26,26,20,9,0
cycle,1120,8,0,0,2,2,2,2,12,3,0,3,5,10,36,33,31,28,5,2
cycle,1121,8,3,0,2,2,2,2,12,3,0,6,6,16,33,27,27,18,10,0
cycle,1122,8,2,2,2,2,2,2,12,3,0,6,6,16,35,27,27,18,10,0
cycle,1123,8,0,1,2,2,2,2,12,3,0,3,8,9,38,33,30,25,1,5
cycle,1124,8,1,2,2,2,2,2,12,3,0,7,7,13,40,35,35,22,6,0
cycle,1125,8,0,1,2,2,2,2,12,3,0,3,3,11,32,29,29,22,8,0
cycle,1126,8,2,3,2,2,2,2,12,3,0,9,5,16,37,27,32,20,11,-4
cycle,1127,8,2,3,2,2,2,2,12,3,0,3,9,10,32,30,23,21,1,6
cycle,1128,8,0,1,2,2,2,2,12,3,0,7,5,17,40,32,35,21,12,-2
cycle,1129,8,0,0,2,2,2,2,12,3,0,6,7,13,35,32,26,24,6,1
cycle,1130,8,1,1,2,2,2,2,12,3,0,8,8,13,35,25,25,25,5,0
cycle,1131,8,2,2,2,2,2,2,12,3,0,4,4,12,35,28,28,23,8,0
cycle,1132,8,1,1,2,2,2,2,12,3,0,6,6,12,37,27,27,24,6,0
cycle,1133,8,3,3,2,2,2,2,12,3,0,5,5,9,32,27,27,33,4,0
cycle,1134,8,3,0,2,2,2,2,12,3,0,7,7,9,39,34,34,25,2,0
cycle,1135,8,2,2,2,2,2,2,12,3,0,12,12,13,34,27,27,23,1,0
cycle,1136,8,1,1,2,2,2,2,12,3,0,6,6,16,31,26,26,20,10,0
cycle,1137,8,1,1,2,2,2,2,12,3,0,6,6,12,33,29,29,26,6,0
cycle,1138,8,1,1,2,2,2,2,12,3,0,5,5,8,38,29,29,25,3,0
cycle,1139,8,3,3,2,2,2,2,12,3,0,8,8,12,35,28,28,23,4,0
cycle,1140,8,2,2,2,2,2,2,12,3,0,3,3,14,39,33,33,24,11,0
cycle,1141,8,2,2,2,2,2,2,12,3,0,6,6,12,38,34,34,27,6,0
cycle,1142,8,0,1,2,2,2,2,12,3,0,5,7,11,39,34,32,30,4,2
cycle,1143,8,1,2,2,2,2,2,12,3,0,9,7,10,35,29,29,26,3,-2
cycle,1144,8,2,3,2,2,2,2,12,3,0,5,8,8,32,26,26,24,0,3
cycle,1145,8,3,0,2,2,2,2,12,3,0,3,3,10,40,34,34,28,7,0
cycle,1146,8,3,0,2,2,2,2,12,3,0,5,5,12,40,31,31,24,7,0
cycle,1147,8,0,0,2,2,2,2,12,3,0,9,5,10,39,29,31,24,5,-4
cycle,1148,8,0,0,2,2,2,2,12,3,0,7,6,12,40,35,32,25,6,-1
cycle,1149,8,0,1,2,2,2,2,12,3,0,2,5,9,35,34,29,29,4,3
cycle,1150,8,3,3,2,2,2,2,12,3,0,7,7,7,34,29,29,27,0,0
cycle,1151,8,3,0,2,2,2,2,12,3,0,7,7,5,39,32,32,32,-2,0
cycle,1152,8,1,2,2,2,2,2,12,3,0,7,8,14,36,27,27,25,6,1
cycle,1153,8,2,2,2,2,2,2,12,3,0,9,9,12,36,30,30,25,3,0
cycle,1154,8,3,0,2,2,2,2,12,3,0,4,4,14,35,32,32,23,10,0
cycle,1155,8,3,3,2,2,2,2,12,3,0,7,7,13,35,25,25,23,6,0
cycle,1156,8,2,3,2,2,2,2,12,3,0,2,7,10,38,36,29,26,3,5
cycle,1157,8,3,3,2,2,2,2,12,3,0,6,6,10,32,22,22,25,4,0
cycle,1158,8,2,2,2,2,2,2,12,3,0,6,6,9,41,35,35,25,3,0
cycle,1159,8,0,0,2,2,2,2,12,3,0,7,7,14,34,26,30,25,7,0
cycle,1160,8,2,3,2,2,2,2,12,3,0,3,6,16,39,34,35,22,10,3
cycle,1161,8,3,3,2,2,2,2,12,3,0,8,8,15,35,28,28,23,7,0
cycle,1162,8,1,2,2,2,2,2,12,3,0,9,7,14,39,33,31,21,7,-2
cycle,1163,8,3,0,2,2,2,2,12,3,0,5,5,11,39,33,33,26,6,0
cycle,1164,8,2,3,2,2,2,2,12,3,0,9,5,10,37,29,30,28,5,-4
cycle,1165,8,3,3,2,2,2,2,12,3,0,4,4,14,40,34,34,19,10,0
cycle,1166,8,1,2,2,2,2,2,12,3,0,4,12,8,37,32,30,26,-4,8
cycle,1167,8,2,2,2,2,2,2,12,3,0,7,7,9,40,32,32,27,2,0
cycle,1168,8,1,1,2,2,2,2,12,3,0,2,2,10,36,34,34,26,8,0
cycle,1169,8,3,3,2,2,2,2,12,3,0,4,4,15,37,27,27,17,11,0
cycle,1170,8,0,1,2,2,2,2,12,3,0,6,6,9,32,28,29,24,3,0
cycle,1171,8,1,2,2,2,2,2,12,3,0,10,8,16,33,28,27,23,8,-2
cycle,1172,8,3,3,2,2,2,2,12,3,0,10,10,10,35,29,29,26,0,0
cycle,1173,8,1,1,2,2,2,2,12,3,0,7,7,10,40,33,33,24,3,0
cycle,1174,8,3,0,2,2,2,2,12,3,0,6,6,12,38,33,33,27,6,0
cycle,1175,8,0,0,2,2,2,2,12,3,0,7,6,13,34,24,29,17,7,-1
cycle,1176,8,0,0,2,2,2,2,12,3,0,8,7,19,37,31,29,19,12,-1
cycle,1177,8,3,0,2,2,2,2,12,3,0,6,6,11,34,27,27,25,5,0
cycle,1178,8,1,2,2,2,2,2,12,3,0,5,6,10,42,32,36,26,4,1
cycle,1179,8,2,3,2,2,2,2,12,3,0,7,8,11,34,24,28,21,3,1
cycle,1180,8,1,2,2,2,2,2,12,3,0,12,5,13,32,23,29,17,8,-7
cycle,1181,8,0,1,2,2,2,2,12,3,0,7,4,10,36,27,33,24,6,-3
cycle,1182,8,3,3,2,2,2,2,12,3,0,6,6,14,37,28,28,24,8,0
cycle,1183,8,2,3,2,2,2,2,12,3,0,5,3,13,39,34,34,24,10,-2
cycle,1184,8,1,2,2,2,2,2,12,3,0,9,5,8,38,30,28,29,3,-4
cycle,1185,8,2,3,2,2,2,2,12,3,0,5,7,15,41,35,32,21,8,2
cycle,1186,8,1,1,2,2,2,2,12,3,0,5,5,15,40,32,32,19,10,0
cycle,1187,8,1,1,2,2,2,2,12,3,0,7,7,8,33,29,29,28,1,0
cycle,1188,8,1,2,2,2,2,2,12,3,0,5,5,13,39,31,29,21,8,0
cycle,1189,8,3,0,2,2,2,2,12,3,0,3,3,12,38,33,33,25,9,0
cycle,1190,8,0,1,2,2,2,2,12,3,0,4,7,7,31,26,23,24,0,3
cycle,1191,8,2,3,2,2,2,2,12,3,0,4,6,9,33,30,28,26,3,2
cycle,1192,8,2,3,2,2,2,2,12,3,0,7,5,13,34,24,28,24,8,-2
cycle,1193,8,0,1,2,2,2,2,12,3,0,4,4,12,30,26,26,21,8,0
cycle,1194,8,3,0,2,2,2,2,12,3,0,2,2,12,44,39,39,18,10,0
cycle,1195,8,0,0,2,2,2,2,12,3,0,5,6,9,38,34,32,27,3,1
cycle,1196,8,3,0,2,2,2,2,12,3,0,4,4,9,34,31,31,24,5,0
cycle,1197,8,1,2,2,2,2,2,12,3,0,4,7,11,29,24,25,22,4,3
cycle,1198,8,1,1,2,2,2,2,12,3,0,2,2,12,35,34,34,26,10,0
cycle,1199,8,3,0,2,2,2,2,12,3,0,7,7,14,39,33,33,19,7,0
cycle,1200,8,1,1,2,2,2,2,12,3,0,3,3,14,32,30,30,20,11,0
cycle,1201,8,0,0,2,2,2,2,12,3,0,7,5,12,34,28,29,23,7,-2
cycle,1202,8,0,1,2,2,2,2,12,3,0,9,7,16,40,31,32,18,9,-2
cycle,1203,8,0,0,2,2,2,2,12,3,0,6,3,5,35,31,28,29,2,-3
cycle,1204,8,3,3,2,2,2,2,12,3,0,4,4,15,37,34,34,22,11,0
cycle,1205,8,0,0,2,2,2,2,12,3,0,7,5,10,38,30,30,22,5,-2
cycle,1206,8,2,3,2,2,2,2,12,3,0,6,5,7,35,31,25,25,2,-1
cycle,1207,8,1,1,2,2,2,2,12,3,0,7,7,9,38,32,32,32,2,0
cycle,1208,8,3,0,2,2,2,2,12,3,0,9,9,8,37,28,28,30,-1,0
cycle,1209,8,2,2,2,2,2,2,12,3,0,11,11,17,35,27,27,22,6,0
cycle,1210,8,0,0,2,2,2,2,12,3,0,5,5,13,37,33,28,21,8,0
cycle,1211,8,1,2,2,2,2,2,12,3,0,7,11,10,37,31,28,27,-1,4
cycle,1212,8,0,1,2,2,2,2,12,3,0,8,6,8,34,28,30,28,2,-2
cycle,1213,8,3,0,2,2,2,2,12,3,0,3,3,14,35,31,31,19,11,0
cycle,1214,8,3,0,2,2,2,2,12,3,0,7,7,12,36,28,28,26,5,0
cycle,1215,8,0,1,2,2,2,2,12,3,0,8,6,9,35,30,28,28,3,-2
cycle,1216,8,0,1,2,2,2,2,12,3,0,7,3,16,41,36,35,20,13,-4
cycle,1217,8,3,0,2,2,2,2,12,3,0,5,5,16,38,30,30,17,11,0
cycle,1218,8,1,1,2,2,2,2,12,3,0,10,10,14,38,32,32,23,4,0
cycle,1219,8,0,1,2,2,2,2,12,3,0,4,3,15,35,32,32,21,12,-1
cycle,1220,8,2,3,2,2,2,2,12,3,0,7,3,10,43,33,37,27,7,-4
cycle,1221,8,2,3,2,2,2,2,12,3,0,1,3,11,42,38,32,17,8,2
cycle,1222,8,3,3,2,2,2,2,12,3,0,8,8,14,33,29,29,26,6,0
cycle,1223,8,2,3,2,2,2,2,12,3,0,6,6,16,38,31,33,18,10,0
cycle,1224,8,2,2,2,2,2,2,12,3,0,8,8,10,37,31,31,25,2,0
cycle,1225,8,3,0,2,2,2,2,12,3,0,6,6,7,33,25,25,24,1,0
cycle,1226,8,2,2,2,2,2,2,12,3,0,4,4,11,37,31,31,25,7,0
cycle,1227,8,2,3,2,2,2,2,12,3,0,5,4,13,39,29,33,21,9,-1
cycle,1228,8,0,0,2,2,2,2,12,3,0,5,3,17,37,29,33,20,14,-2
cycle,1229,8,1,1,2,2,2,2,12,3,0,5,5,11,37,34,34,23,6,0
cycle,1230,8,2,2,2,2,2,2,12,3,0,6,6,9,42,34,34,22,3,0
cycle,1231,8,3,3,2,2,2,2,12,3,0,6,6,12,33,30,30,19,6,0
cycle,1232,8,3,0,2,2,2,2,12,3,0,11,11,15,32,23,23,21,4,0
cycle,1233,8,3,0,2,2,2,2,12,3,0,7,7,16,36,28,28,22,9,0
cycle,1234,8,2,2,2,2,2,2,12,3,0,6,6,17,37,33,33,23,11,0
cycle,1235,8,2,2,2,2,2,2,12,3,0,7,7,11,35,31,31,22,4,0
cycle,1236,8,2,2,2,2,2,2,12,3,0,6,6,15,33,26,26,25,9,0
cycle,1237,8,2,2,2,2,2,2,12,3,0,7,7,10,34,29,29,27,3,0
cycle,1238,8,3,0,2,2,2,2,12,3,0,9,9,11,31,25,25,24,2,0
cycle,1239,8,1,1,2,2,2,2,12,3,0,7,7,19,38,31,31,20,12,0
staircase,1000,7,2,2,2,2,2,2,12,3,0,5,5,12,39,32,32,24,7,0
staircase,1001,7,2,3,2,2,2,2,12,3,0,6,3,12,34,29,27,22,9,-3
staircase,1002,7,0,1,2,2,2,2,12,3,0,7,12,14,35,31,28,28,2,5
staircase,1003,7,2,3,2,2,2,2,12,3,0,9,7,13,36,26,31,22,6,-2
staircase,1004,7,2,2,2,2,2,2,12,3,0,7,7,13,40,32,32,25,6,0
staircase,1005,7,0,0,1,1,2,2,11,3,0,7,7,20,40,34,34,17,13,0
staircase,1006,7,0,1,2,2,2,2,12,3,0,5,5,7,35,32,25,24,2,0
staircase,1007,7,3,3,1,1,2,2,11,3,0,4,4,10,39,33,33,28,6,0
staircase,1008,7,2,2,2,2,2,2,12,3,0,7,7,14,37,33,33,27,7,0
staircase,1009,7,0,1,2,2,2,2,12,3,0,2,1,3,32,31,31,30,2,-1
staircase,1010,7,2,2,2,2,2,2,12,3,0,8,8,12,32,26,26,22,4,0
staircase,1011,7,1,1,2,2,2,2,12,3,0,6,6,8,38,32,32,27,2,0
staircase,1012,7,3,3,1,1,2,2,11,3,0,2,2,2,29,27,27,27,0,0
staircase,1013,7,2,2,2,2,2,2,12,3,0,7,7,9,37,33,33,26,2,0
staircase,1014,7,1,2,2,2,2,2,12,3,0,6,6,9,37,29,34,21,3,0
staircase,1015,7,0,0,1,1,2,2,11,3,0,7,7,11,39,30,30,25,4,0
staircase,1016,7,0,0,1,1,2,2,11,3,0,4,4,8,33,31,31,29,4,0
staircase,1017,7,2,3,2,2,2,2,12,3,0,7,5,7,36,28,31,28,2,-2
staircase,1018,7,0,1,2,2,2,2,12,3,0,7,10,13,33,29,26,25,3,3
staircase,1019,7,0,0,1,1,2,2,11,3,0,5,5,10,37,31,31,29,5,0
staircase,1020,7,2,3,2,2,2,2,12,3,0,7,5,11,38,30,30,26,6,-2
staircase,1021,7,1,1,2,2,2,2,12,3,0,5,5,6,40,32,32,31,1,0
staircase,1022,7,2,2,2,2,2,2,12,3,0,5,5,14,36,28,28,24,9,0
staircase,1023,7,2,3,2,2,2,2,12,3,0,7,7,9,35,29,30,29,2,0
staircase,1024,7,2,3,2,2,2,2,12,3,0,5,7,9,32,29,27,26,2,2
staircase,1025,7,3,3,1,1,2,2,11,3,0,7,7,9,32,27,27,26,2,0
staircase,1026,7,0,1,2,2,2,2,12,3,0,2,4,4,29,28,24,24,0,2
staircase,1027,7,2,3,2,2,2,2,12,3,0,6,7,13,33,27,27,22,6,1
staircase,1028,7,2,3,2,2,2,2,12,3,0,3,10,8,34,27,28,23,-2,7
staircase,1029,7,2,3,2,2,2,2,12,3,0,5,7,7,36,31,32,30,0,2
staircase,1030,7,0,0,1,1,2,2,11,3,0,6,6,12,39,31,31,28,6,0
staircase,1031,7,0,0,1,1,2,2,11,3,0,3,3,7,35,28,28,24,4,0
staircase,1032,7,0,0,1,1,2,2,11,3,0,8,8,12,37,29,29,27,4,0
staircase,1033,7,1,2,2,2,2,2,12,3,0,7,6,15,33,27,27,24,9,-1
staircase,1034,7,0,1,2,2,2,2,12,3,0,3,7,5,42,37,35,36,-2,4
staircase,1035,7,1,1,2,2,2,2,12,3,0,6,6,10,39,32,32,23,4,0
staircase,1036,7,2,3,2,2,2,2,12,3,0,4,6,12,34,30,26,20,6,2
staircase,1037,7,0,1,2,2,2,2,12,3,0,4,9,9,36,30,31,25,0,5
staircase,1038,7,1,1,2,2,2,2,12,3,0,8,8,13,34,29,29,26,5,0
staircase,1039,7,0,1,2,2,2,2,12,3,0,7,9,9,35,25,29,22,0,2
staircase,1040,7,1,1,2,2,2,2,12,3,0,7,7,11,32,27,27,25,4,0
staircase,1041,7,0,1,2,2,2,2,12,3,0,3,5,10,41,31,34,24,5,2
staircase,1042,7,1,1,2,2,2,2,12,3,0,9,9,9,33,27,27,22,0,0
staircase,1043,7,2,3,2,2,2,2,12,3,0,7,4,10,35,30,28,22,6,-3
staircase,1044,7,2,3,2,2,2,2,12,3,0,10,12,17,33,27,25,21,5,2
staircase,1045,7,1,1,2,2,2,2,12,3,0,8,8,12,38,32,32,27,4,0
staircase,1046,7,1,2,2,2,2,2,12,3,0,9,4,17,37,31,32,17,13,-5
staircase,1047,7,3,3,1,1,2,2,11,3,0,3,3,3,30,27,27,27,0,0
staircase,1048,7,0,1,2,2,2,2,12,3,0,6,3,9,41,38,39,32,6,-3
staircase,1049,7,0,1,2,2,2,2,12,3,0,7,6,12,35,28,27,21,6,-1
staircase,1050,7,1,2,2,2,2,2,12,3,0,6,4,6,41,33,35,32,2,-2
staircase,1051,7,0,0,1,1,2,2,11,3,0,8,8,13,37,31,31,28,5,0
staircase,1052,7,3,3,1,1,2,2,11,3,0,6,6,18,39,32,32,18,12,0
staircase,1053,7,2,3,2,2,2,2,12,3,0,6,5,10,39,35,34,28,5,-1
staircase,1054,7,2,3,2,2,2,2,12,3,0,4,9,5,34,26,28,25,-4,5
staircase,1055,7,2,3,2,2,2,2,12,3,0,7,4,7,37,30,32,29,3,-3
staircase,1056,7,0,0,1,1,2,2,11,3,0,5,5,13,36,28,28,21,8,0
staircase,1057,7,1,2,2,2,2,2,12,3,0,2,10,7,34,29,24,30,-3,8
staircase,1058,7,0,0,1,1,2,2,11,3,0,8,8,8,33,27,27,27,0,0
staircase,1059,7,1,2,2,2,2,2,12,3,0,7,7,14,33,28,27,23,7,0
staircase,1060,7,1,2,2,2,2,2,12,3,0,5,5,6,38,33,31,31,1,0
staircase,1061,7,2,3,2,2,2,2,12,3,0,6,7,9,40,32,33,31,2,1
staircase,1062,7,2,2,2,2,2,2,12,3,0,5,5,9,39,33,33,25,4,0
staircase,1063,7,0,1,2,2,2,2,12,3,0,7,6,11,35,28,31,28,5,-1
staircase,1064,7,2,2,2,2,2,2,12,3,0,7,7,12,38,28,28,22,5,0
staircase,1065,7,2,3,2,2,2,2,12,3,0,10,8,14,35,26,27,20,6,-2
staircase,1066,7,1,1,2,2,2,2,12,3,0,5,5,7,34,30,30,21,2,0
staircase,1067,7,2,2,2,2,2,2,12,3,0,4,4,12,34,24,24,19,8,0
staircase,1068,7,1,2,2,2,2,2,12,3,0,7,5,9,35,27,31,27,4,-2
staircase,1069,7,0,1,2,2,2,2,12,3,0,4,4,9,41,35,36,30,5,0
staircase,1070,7,1,1,2,2,2,2,12,3,0,7,7,10,37,28,28,19,3,0
staircase,1071,7,3,3,1,1,2,2,11,3,0,8,8,19,37,31,31,19,11,0
staircase,1072,7,1,1,2,2,2,2,12,3,0,4,4,9,38,33,33,30,5,0
staircase,1073,7,1,1,2,2,2,2,12,3,0,4,4,11,34,31,31,22,7,0
staircase,1074,7,2,2,2,2,2,2,12,3,0,5,5,2,35,32,32,23,-3,0
staircase,1075,7,2,2,2,2,2,2,12,3,0,3,3,9,40,32,32,26,6,0
staircase,1076,7,2,2,2,2,2,2,12,3,0,10,10,8,32,26,26,26,-2,0
staircase,1077,7,3,3,1,1,2,2,11,3,0,8,8,14,39,32,32,24,6,0
staircase,1078,7,3,3,1,1,2,2,11,3,0,14,14,15,34,26,26,27,1,0
staircase,1079,7,0,1,2,2,2,2,12,3,0,4,5,11,38,35,33,25,6,1
staircase,1080,7,1,1,2,2,2,2,12,3,0,6,6,9,38,34,34,29,3,0
staircase,1081,7,2,3,2,2,2,2,12,3,0,4,5,17,33,30,28,18,12,1
staircase,1082,7,0,1,2,2,2,2,12,3,0,3,7,7,39,30,33,32,0,4
staircase,1083,7,2,3,2,2,2,2,12,3,0,6,5,9,39,33,28,20,4,-1
staircase,1084,7,0,0,1,1,2,2,11,3,0,7,7,10,41,30,30,27,3,0
staircase,1085,7,3,3,1,1,2,2,11,3,0,5,5,5,39,36,36,36,0,0
staircase,1086,7,1,2,2,2,2,2,12,3,0,4,6,7,38,34,33,32,1,2
staircase,1087,7,1,1,2,2,2,2,12,3,0,5,5,9,36,33,33,26,4,0
staircase,1088,7,2,2,2,2,2,2,12,3,0,6,6,14,36,24,24,17,8,0
staircase,1089,7,1,1,2,2,2,2,12,3,0,7,7,8,40,34,34,21,1,0
staircase,1090,7,1,1,2,2,2,2,12,3,0,6,6,10,37,34,34,28,4,0
staircase,1091,7,0,1,2,2,2,2,12,3,0,7,6,10,34,30,26,23,4,-1
staircase,1092,7,1,2,2,2,2,2,12,3,0,6,9,13,34,28,27,24,4,3
staircase,1093,7,1,2,2,2,2,2,12,3,0,4,6,14,38,36,32,26,8,2
staircase,1094,7,2,2,2,2,2,2,12,3,0,5,5,8,33,29,29,22,3,0
staircase,1095,7,1,1,2,2,2,2,12,3,0,6,6,10,30,27,27,25,4,0
staircase,1096,7,2,3,2,2,2,2,12,3,0,6,8,11,34,28,24,24,3,2
staircase,1097,7,1,2,2,2,2,2,12,3,0,8,5,14,37,30,33,25,9,-3
staircase,1098,7,2,2,2,2,2,2,12,3,0,7,7,15,38,28,28,17,8,0
staircase,1099,7,1,2,2,2,2,2,12,3,0,7,7,13,37,27,31,23,6,0
staircase,1100,7,2,2,2,2,2,2,12,3,0,8,8,8,33,29,29,25,0,0
staircase,1101,7,1,1,2,2,2,2,12,3,0,7,7,3,43,35,35,35,-4,0
staircase,1102,7,1,2,2,2,2,2,12,3,0,6,5,7,37,31,30,26,2,-1
staircase,1103,7,0,0,1,1,2,2,11,3,0,3,3,12,41,35,35,20,9,0
staircase,1104,7,0,0,1,1,2,2,11,3,0,8,8,10,34,30,30,26,2,0
staircase,1105,7,2,3,2,2,2,2,12,3,0,8,7,11,30,26,23,22,4,-1
staircase,1106,7,0,1,2,2,2,2,12,3,0,7,8,11,36,32,29,28,3,1
staircase,1107,7,3,3,1,1,2,2,11,3,0,7,7,7,35,27,27,26,0,0
staircase,1108,7,0,1,2,2,2,2,12,3,0,4,5,5,38,33,30,30,0,1
staircase,1109,7,2,2,2,2,2,2,12,3,0,8,8,15,37,26,26,26,7,0
staircase,1110,7,1,2,2,2,2,2,12,3,0,5,9,13,36,31,28,26,4,4
staircase,1111,7,0,1,2,2,2,2,12,3,0,5,7,13,37,28,33,28,6,2
staircase,1112,7,2,2,2,2,2,2,12,3,0,6,6,10,31,26,26,26,4,0
staircase,1113,7,1,1,2,2,2,2,12,3,0,6,6,6,33,25,25,27,0,0
staircase,1114,7,1,1,2,2,2,2,12,3,0,9,9,12,34,25,25,23,3,0
staircase,1115,7,0,0,1,1,2,2,11,3,0,8,8,12,36,31,31,28,4,0
staircase,1116,7,0,0,1,1,2,2,11,3,0,7,7,11,33,26,26,24,4,0
staircase,1117,7,1,1,2,2,2,2,12,3,0,7,7,6,35,28,28,26,-1,0
staircase,1118,7,1,1,2,2,2,2,12,3,0,8,8,14,35,28,28,24,6,0
staircase,1119,7,1,2,2,2,2,2,12,3,0,7,4,11,32,27,27,24,7,-3
staircase,1120,7,0,0,1,1,2,2,11,3,0,5,5,10,40,33,33,29,5,0
staircase,1121,7,2,2,2,2,2,2,12,3,0,3,3,7,40,35,35,32,4,0
staircase,1122,7,2,2,2,2,2,2,12,3,0,11,11,14,33,24,24,20,3,0
staircase,1123,7,0,0,1,1,2,2,11,3,0,8,8,10,33,27,27,24,2,0
staircase,1124,7,2,2,2,2,2,2,12,3,0,4,4,12,34,30,30,24,8,0
staircase,1125,7,0,0,1,1,2,2,11,3,0,7,7,11,37,29,29,26,4,0
staircase,1126,7,1,1,2,2,2,2,12,3,0,2,2,12,33,30,30,26,10,0
staircase,1127,7,1,1,2,2,2,2,12,3,0,7,7,15,35,28,28,25,8,0
staircase,1128,7,3,3,1,1,2,2,11,3,0,6,6,9,34,30,30,30,3,0
staircase,1129,7,0,0,1,1,2,2,11,3,0,9,9,15,37,26,26,21,6,0
staircase,1130,7,2,3,2,2,2,2,12,3,0,2,4,14,31,30,25,21,10,2
staircase,1131,7,1,1,2,2,2,2,12,3,0,8,8,9,37,28,28,26,1,0
staircase,1132,7,3,3,1,1,2,2,11,3,0,10,10,12,38,30,30,23,2,0
staircase,1133,7,1,2,2,2,2,2,12,3,0,7,4,9,37,32,29,32,5,-3
staircase,1134,7,3,3,1,1,2,2,11,3,0,6,6,11,39,31,31,28,5,0
staircase,1135,7,1,1,2,2,2,2,12,3,0,7,7,14,38,29,29,26,7,0
staircase,1136,7,0,1,2,2,2,2,12,3,0,5,3,11,35,30,31,22,8,-2
staircase,1137,7,0,1,2,2,2,2,12,3,0,5,6,11,28,23,25,19,5,1
staircase,1138,7,0,1,2,2,2,2,12,3,0,5,6,16,38,30,34,24,10,1
staircase,1139,7,1,2,2,2,2,2,12,3,0,7,6,13,36,29,31,24,7,-1
staircase,1140,7,1,1,2,2,2,2,12,3,0,7,7,10,35,27,27,22,3,0
staircase,1141,7,1,1,2,2,2,2,12,3,0,6,6,12,36,28,28,28,6,0
staircase,1142,7,0,0,1,1,2,2,11,3,0,6,6,11,33,30,30,33,5,0
staircase,1143,7,2,2,2,2,2,2,12,3,0,6,6,9,29,23,23,31,3,0
staircase,1144,7,2,2,2,2,2,2,12,3,0,11,11,17,32,26,26,21,6,0
staircase,1145,7,1,2,2,2,2,2,12,3,0,5,12,10,38,31,29,31,-2,7
staircase,1146,7,3,3,1,1,2,2,11,3,0,3,3,15,38,33,33,25,12,0
staircase,1147,7,0,0,1,1,2,2,11,3,0,6,6,10,35,27,27,23,4,0
staircase,1148,7,0,0,1,1,2,2,11,3,0,5,5,8,38,32,32,29,3,0
staircase,1149,7,0,0,1,1,2,2,11,3,0,5,5,11,38,31,31,22,6,0
staircase,1150,7,1,2,2,2,2,2,12,3,0,11,3,14,37,27,28,22,11,-8
staircase,1151,7,2,2,2,2,2,2,12,3,0,7,7,11,36,31,31,24,4,0
staircase,1152,7,3,3,1,1,2,2,11,3,0,11,11,15,34,26,26,25,4,0
staircase,1153,7,2,2,2,2,2,2,12,3,0,7,7,12,35,30,30,27,5,0
staircase,1154,7,1,2,2,2,2,2,12,3,0,6,5,12,40,30,33,20,7,-1
staircase,1155,7,2,2,2,2,2,2,12,3,0,4,4,9,33,29,29,31,5,0
staircase,1156,7,1,1,2,2,2,2,12,3,0,8,8,12,39,29,29,20,4,0
staircase,1157,7,1,2,2,2,2,2,12,3,0,4,7,13,36,34,29,25,6,3
staircase,1158,7,1,1,2,2,2,2,12,3,0,4,4,10,37,26,26,27,6,0
staircase,1159,7,3,3,1,1,2,2,11,3,0,5,5,11,36,32,32,25,6,0
staircase,1160,7,2,2,2,2,2,2,12,3,0,7,7,6,41,31,31,28,-1,0
staircase,1161,7,1,2,2,2,2,2,12,3,0,8,3,11,38,33,35,25,8,-5
staircase,1162,7,0,1,2,2,2,2,12,3,0,4,7,7,33,31,28,28,0,3
staircase,1163,7,1,2,2,2,2,2,12,3,0,6,7,13,39,33,32,24,6,1
staircase,1164,7,1,1,2,2,2,2,12,3,0,5,5,12,38,30,30,26,7,0
staircase,1165,7,1,2,2,2,2,2,12,3,0,4,4,10,39,35,30,25,6,0
staircase,1166,7,3,3,1,1,2,2,11,3,0,3,3,20,39,32,32,18,17,0
staircase,1167,7,1,1,2,2,2,2,12,3,0,6,6,8,34,25,25,24,2,0
staircase,1168,7,0,1,2,2,2,2,12,3,0,5,6,11,30,27,26,23,5,1
staircase,1169,7,2,2,2,2,2,2,12,3,0,7,7,9,37,28,28,27,2,0
staircase,1170,7,0,0,1,1,2,2,11,3,0,7,7,16,37,27,27,20,9,0
staircase,1171,7,0,1,2,2,2,2,12,3,0,6,6,11,37,33,32,23,5,0
staircase,1172,7,1,2,2,2,2,2,12,3,0,6,5,13,34,29,28,21,8,-1
staircase,1173,7,3,3,1,1,2,2,11,3,0,6,6,6,33,29,29,30,0,0
staircase,1174,7,1,2,2,2,2,2,12,3,0,7,8,9,39,34,32,29,1,1
staircase,1175,7,0,0,1,1,2,2,11,3,0,4,4,9,34,29,29,27,5,0
staircase,1176,7,2,2,2,2,2,2,12,3,0,5,5,11,30,26,26,23,6,0
staircase,1177,7,1,2,2,2,2,2,12,3,0,4,10,10,30,26,23,25,0,6
staircase,1178,7,0,1,2,2,2,2,12,3,0,9,5,15,36,25,32,23,10,-4
staircase,1179,7,1,1,2,2,2,2,12,3,0,6,6,17,38,35,35,19,11,0
staircase,1180,7,0,1,2,2,2,2,12,3,0,5,5,8,43,33,33,26,3,0
staircase,1181,7,0,0,1,1,2,2,11,3,0,7,7,9,37,31,31,30,2,0
staircase,1182,7,1,2,2,2,2,2,12,3,0,6,7,12,29,26,23,20,5,1
staircase,1183,7,1,1,2,2,2,2,12,3,0,7,7,11,40,33,33,24,4,0
staircase,1184,7,0,1,2,2,2,2,12,3,0,11,7,13,33,26,26,22,6,-4
staircase,1185,7,1,1,2,2,2,2,12,3,0,6,6,9,34,30,30,29,3,0
staircase,1186,7,0,1,2,2,2,2,12,3,0,9,5,9,32,26,25,23,4,-4
staircase,1187,7,0,1,2,2,2,2,12,3,0,1,10,13,38,32,30,22,3,9
staircase,1188,7,2,3,2,2,2,2,12,3,0,4,9,7,30,24,23,21,-2,5
staircase,1189,7,1,2,2,2,2,2,12,3,0,8,2,5,37,30,35,30,3,-6
staircase,1190,7,0,0,1,1,2,2,11,3,0,7,7,10,38,31,31,29,3,0
staircase,1191,7,1,1,2,2,2,2,12,3,0,3,3,10,35,27,27,27,7,0
staircase,1192,7,1,1,2,2,2,2,12,3,0,4,4,6,40,33,33,28,2,0
staircase,1193,7,2,3,2,2,2,2,12,3,0,4,4,6,40,34,35,33,2,0
staircase,1194,7,1,2,2,2,2,2,12,3,0,9,5,9,39,34,34,26,4,-4
staircase,1195,7,0,0,1,1,2,2,11,3,0,6,6,10,35,30,30,28,4,0
staircase,1196,7,2,2,2,2,2,2,12,3,0,12,12,12,34,28,28,26,0,0
staircase,1197,7,0,1,2,2,2,2,12,3,0,8,3,12,33,26,30,19,9,-5
staircase,1198,7,0,1,2,2,2,2,12,3,0,2,10,12,36,30,31,28,2,8
staircase,1199,7,2,3,2,2,2,2,12,3,0,11,7,9,34,27,26,25,2,-4
staircase,1200,7,0,1,2,2,2,2,12,3,0,9,11,12,32,26,20,23,1,2
staircase,1201,7,0,0,1,1,2,2,11,3,0,6,6,11,36,32,32,25,5,0
staircase,1202,7,0,0,1,1,2,2,11,3,0,6,6,12,35,31,31,26,6,0
staircase,1203,7,2,3,2,2,2,2,12,3,0,4,5,5,41,32,33,31,0,1
staircase,1204,7,1,2,2,2,2,2,12,3,0,3,4,7,40,35,34,27,3,1
staircase,1205,7,0,0,1,1,2,2,11,3,0,2,2,5,38,35,35,32,3,0
staircase,1206,7,3,3,1,1,2,2,11,3,0,8,8,16,38,29,29,23,8,0
staircase,1207,7,0,1,2,2,2,2,12,3,0,5,5,9,40,33,34,32,4,0
staircase,1208,7,1,2,2,2,2,2,12,3,0,4,7,15,40,35,32,22,8,3
staircase,1209,7,1,1,2,2,2,2,12,3,0,3,3,15,30,25,25,18,12,0
staircase,1210,7,0,0,1,1,2,2,11,3,0,8,8,12,39,32,32,26,4,0
staircase,1211,7,0,1,2,2,2,2,12,3,0,5,7,12,37,30,32,23,5,2
staircase,1212,7,0,0,1,1,2,2,11,3,0,6,6,8,33,29,29,24,2,0
staircase,1213,7,1,2,2,2,2,2,12,3,0,7,6,13,36,31,31,26,7,-1
staircase,1214,7,2,3,2,2,2,2,12,3,0,7,5,7,40,32,36,32,2,-2
staircase,1215,7,2,2,2,2,2,2,12,3,0,7,7,10,38,30,30,31,3,0
staircase,1216,7,0,0,1,1,2,2,11,3,0,3,3,11,37,33,33,28,8,0
staircase,1217,7,2,3,2,2,2,2,12,3,0,4,5,14,36,33,32,20,9,1
staircase,1218,7,0,1,2,2,2,2,12,3,0,3,5,14,41,36,34,22,9,2
staircase,1219,7,0,0,1,1,2,2,11,3,0,8,8,6,34,29,29,28,-2,0
staircase,1220,7,1,1,2,2,2,2,12,3,0,8,8,8,33,26,26,26,0,0
staircase,1221,7,2,3,2,2,2,2,12,3,0,4,3,4,40,34,36,34,1,-1
staircase,1222,7,1,2,2,2,2,2,12,3,0,9,4,16,36,29,28,20,12,-5
staircase,1223,7,1,1,2,2,2,2,12,3,0,5,5,8,41,29,29,32,3,0
staircase,1224,7,1,1,2,2,2,2,12,3,0,3,3,9,33,28,28,22,6,0
staircase,1225,7,3,3,1,1,2,2,11,3,0,7,7,11,34,28,28,25,4,0
staircase,1226,7,1,1,2,2,2,2,12,3,0,6,6,12,29,24,24,21,6,0
staircase,1227,7,2,3,2,2,2,2,12,3,0,8,6,13,36,30,32,25,7,-2
staircase,1228,7,0,0,1,1,2,2,11,3,0,4,4,4,29,26,26,26,0,0
staircase,1229,7,0,1,2,2,2,2,12,3,0,7,4,8,37,31,29,27,4,-3
staircase,1230,7,1,1,2,2,2,2,12,3,0,11,11,13,31,21,21,20,2,0
staircase,1231,7,2,2,2,2,2,2,12,3,0,8,8,8,38,34,34,33,0,0
staircase,1232,7,1,2,2,2,2,2,12,3,0,8,5,13,36,30,31,22,8,-3
staircase,1233,7,2,3,2,2,2,2,12,3,0,4,8,13,39,35,28,22,5,4
staircase,1234,7,1,1,2,2,2,2,12,3,0,7,7,12,43,36,36,22,5,0
staircase,1235,7,1,1,2,2,2,2,12,3,0,8,8,14,33,29,29,25,6,0
staircase,1236,7,1,1,2,2,2,2,12,3,0,6,6,18,32,27,27,16,12,0
staircase,1237,7,1,1,2,2,2,2,12,3,0,7,7,14,35,27,27,22,7,0
staircase,1238,7,2,3,2,2,2,2,12,3,0,3,7,14,39,33,30,23,7,4
staircase,1239,7,0,1,2,2,2,2,12,3,0,6,8,13,38,34,31,25,5,2
planted,1000,8,2,3,1,1,4,4,13,4,0,14,14,16,33,20,20,17,2,0
planted,1001,8,2,2,1,1,6,6,17,5,0,25,25,25,36,14,14,14,0,0
planted,1002,8,1,1,1,1,4,4,13,5,0,14,14,24,34,16,16,13,10,0
planted,1003,8,1,3,2,2,3,2,14,4,0,5,12,13,37,30,26,25,1,7
planted,1004,8,0,3,2,2,4,4,15,4,0,10,10,19,39,27,27,20,9,0
planted,1005,8,0,3,1,1,6,6,13,5,0,16,16,17,35,18,18,17,1,0
planted,1006,8,1,2,1,1,6,6,13,5,0,18,18,25,42,12,12,7,7,0
planted,1007,8,0,0,1,1,4,4,9,4,0,9,9,19,37,27,27,17,10,0
planted,1008,8,2,2,1,1,3,3,13,4,0,11,11,16,38,22,22,17,5,0
planted,1009,8,2,1,2,2,4,4,19,5,0,15,18,18,34,23,19,20,0,3
planted,1010,8,2,0,2,2,4,4,11,4,0,13,13,25,35,24,24,14,12,0
planted,1011,8,3,0,2,2,3,2,14,4,0,9,13,11,33,27,19,20,-2,4
planted,1012,8,3,0,1,1,6,6,13,5,0,18,18,20,34,18,18,16,2,0
planted,1013,8,3,2,2,2,4,4,15,5,0,18,18,22,38,17,17,15,4,0
planted,1014,8,3,0,2,2,4,4,15,5,0,18,18,19,32,18,18,15,1,0
planted,1015,8,0,2,1,1,3,3,9,4,0,12,12,14,35,24,24,20,2,0
planted,1016,8,0,3,2,2,6,4,17,5,0,19,17,19,39,20,23,20,2,-2
planted,1017,8,3,0,2,2,6,4,17,5,0,20,21,22,36,17,18,19,1,1
planted,1018,8,1,0,1,1,4,4,13,4,0,7,7,9,32,27,27,22,2,0
planted,1019,8,0,1,1,1,6,6,13,5,0,13,13,13,39,25,25,25,0,0
planted,1020,8,3,2,2,2,4,4,15,4,0,7,7,14,33,27,27,23,7,0
planted,1021,8,2,3,2,2,4,4,11,4,0,17,17,30,34,22,22,12,13,0
planted,1022,8,0,2,1,1,6,6,13,5,0,18,18,23,39,16,16,11,5,0
planted,1023,8,0,3,1,1,3,3,13,4,0,15,15,17,39,26,26,16,2,0
planted,1024,8,1,2,1,1,3,3,9,4,0,11,11,20,36,26,26,13,9,0
planted,1025,8,1,2,1,1,4,4,13,5,0,17,17,19,38,20,20,16,2,0
planted,1026,8,2,0,2,2,4,2,18,5,0,4,20,17,33,29,18,21,-3,16
planted,1027,8,3,1,1,1,6,6,13,5,0,10,10,11,38,20,20,20,1,0
planted,1028,8,2,3,2,2,4,4,19,5,0,19,19,20,34,18,18,18,1,0
planted,1029,8,2,2,2,2,4,3,15,4,0,16,14,18,37,24,27,19,4,-2
planted,1030,8,0,1,2,2,6,6,15,5,0,19,19,21,36,16,16,13,2,0
planted,1031,8,0,1,1,1,6,6,13,5,0,19,19,23,38,15,15,10,4,0
planted,1032,8,1,2,1,1,6,6,13,5,0,17,17,20,39,22,22,21,3,0
planted,1033,8,3,2,2,2,6,6,17,5,0,18,18,24,35,14,14,9,6,0
planted,1034,8,1,1,1,1,2,2,11,3,0,7,7,13,31,25,25,19,6,0
planted,1035,8,1,3,3,3,4,3,13,4,0,12,20,17,33,22,21,18,-3,8
planted,1036,8,0,3,1,1,6,6,13,5,0,15,15,18,33,21,21,20,3,0
planted,1037,8,1,0,1,1,3,3,9,4,0,8,8,15,36,27,27,22,7,0
planted,1038,8,2,3,1,1,6,6,17,5,0,19,19,18,38,20,20,20,-1,0
planted,1039,8,1,0,3,3,4,3,13,4,0,7,10,13,37,27,25,17,3,3
planted,1040,8,2,0,2,2,4,3,15,4,0,14,12,16,36,27,28,20,4,-2
planted,1041,8,0,3,3,3,4,3,13,4,0,11,9,17,38,25,24,19,8,-2
planted,1042,8,2,2,2,2,4,4,15,4,0,11,11,12,34,19,19,21,1,0
planted,1043,8,3,1,2,2,4,3,15,4,0,16,17,21,32,21,21,17,4,1
planted,1044,8,1,1,2,2,4,4,15,4,0,11,11,12,33,24,24,21,1,0
planted,1045,8,3,0,2,2,4,4,15,4,0,11,11,17,39,23,23,17,6,0
planted,1046,8,3,1,2,2,4,4,11,4,0,15,15,17,35,26,26,22,2,0
planted,1047,8,3,1,1,1,4,4,13,4,0,15,15,18,37,22,22,20,3,0
planted,1048,8,0,2,2,2,6,6,17,5,0,15,15,19,35,18,18,15,4,0
planted,1049,8,2,0,1,1,6,6,13,5,0,16,16,20,38,19,19,16,4,0
planted,1050,8,3,1,1,1,4,4,9,4,0,8,8,15,39,27,27,23,7,0
planted,1051,8,0,1,2,2,4,3,15,4,0,15,11,17,35,21,25,18,6,-4
planted,1052,8,1,2,1,1,6,6,17,5,0,16,16,16,39,23,23,23,0,0
planted,1053,8,2,1,2,2,4,4,19,5,0,16,16,20,33,17,17,13,4,0
planted,1054,8,2,0,1,1,3,3,13,4,0,10,10,19,35,22,22,17,9,0
planted,1055,8,1,1,2,2,4,3,15,4,0,12,15,18,33,21,18,14,3,3
planted,1056,8,1,1,1,1,4,4,13,4,0,12,12,16,36,25,25,19,4,0
planted,1057,8,3,0,1,1,2,2,7,3,0,8,8,24,36,28,28,15,16,0
planted,1058,8,0,3,1,1,4,4,13,4,0,12,12,17,35,23,23,19,5,0
planted,1059,8,3,0,1,1,3,3,9,4,0,11,11,21,35,22,22,16,10,0
planted,1060,8,3,3,2,2,4,3,15,4,0,10,11,14,39,26,29,23,3,1
planted,1061,8,0,3,1,1,6,6,17,5,0,18,18,20,33,21,21,20,2,0
planted,1062,8,1,2,1,1,4,4,13,4,0,12,12,21,33,23,23,16,9,0
planted,1063,8,1,1,1,1,3,3,9,4,0,12,12,19,40,26,26,16,7,0
planted,1064,8,1,2,1,1,4,4,13,4,0,14,14,17,32,21,21,19,3,0
planted,1065,8,3,3,3,3,4,4,21,5,0,16,16,21,34,19,19,15,5,0
planted,1066,8,1,1,2,2,6,6,17,5,0,16,16,20,36,15,15,12,4,0
planted,1067,8,2,0,2,2,4,4,11,4,0,14,14,18,31,22,22,15,4,0
planted,1068,8,3,0,2,2,6,4,17,5,0,22,20,21,40,19,19,18,1,-2
planted,1069,8,2,1,3,3,4,3,17,4,0,11,13,19,29,20,17,13,6,2
planted,1070,8,3,0,2,2,6,6,17,5,0,24,24,25,28,13,13,10,1,0
planted,1071,8,3,0,1,1,3,3,9,4,0,11,11,11,29,17,17,17,0,0
planted,1072,8,2,1,2,2,6,6,19,5,0,22,22,21,36,20,20,18,-1,0
planted,1073,8,2,1,3,3,4,3,17,4,0,12,9,17,43,27,29,22,8,-3
planted,1074,8,3,0,1,1,3,3,13,4,0,12,12,16,34,27,27,22,4,0
planted,1075,8,1,3,2,2,4,3,15,4,0,12,9,17,33,16,20,13,8,-3
planted,1076,8,0,3,2,2,4,3,11,4,0,11,13,17,40,27,24,16,4,2
planted,1077,8,0,1,2,2,4,3,15,4,0,8,11,21,40,28,24,19,10,3
planted,1078,8,1,2,1,1,4,4,17,5,0,20,20,23,42,21,21,11,3,0
planted,1079,8,2,3,1,1,4,4,9,4,0,16,16,25,35,17,17,11,9,0
planted,1080,8,2,1,2,2,4,4,15,4,0,11,11,18,37,24,24,18,7,0
planted,1081,8,1,0,1,1,3,3,13,4,0,14,14,17,37,26,26,21,3,0
planted,1082,8,1,3,1,1,6,6,13,5,0,21,21,21,30,13,13,14,0,0
planted,1083,8,0,2,3,3,4,3,21,5,0,11,20,18,36,25,19,21,-2,9
planted,1084,8,1,2,1,1,2,2,11,3,0,6,6,15,39,33,33,20,9,0
planted,1085,8,0,3,2,2,4,4,15,5,0,10,18,16,36,27,18,22,-2,8
planted,1086,8,3,1,1,1,3,3,13,4,0,12,12,14,33,20,20,19,2,0
planted,1087,8,2,0,1,1,2,2,11,3,0,7,7,16,34,28,28,19,9,0
planted,1088,8,0,0,4,4,4,3,14,4,0,15,14,21,38,23,25,18,7,-1
planted,1089,8,2,3,1,1,3,3,9,4,0,16,16,20,33,21,21,16,4,0
planted,1090,8,2,3,1,1,4,4,13,5,0,21,21,24,35,17,17,14,3,0
planted,1091,8,0,3,3,3,4,3,13,4,0,9,10,17,39,26,26,18,7,1
planted,1092,8,3,3,1,1,2,2,7,3,0,8,8,20,32,27,27,17,12,0
planted,1093,8,3,3,4,4,4,3,14,4,0,11,10,14,40,25,26,24,4,-1
planted,1094,8,2,2,2,2,3,3,10,4,0,7,7,7,40,26,26,26,0,0
planted,1095,8,2,0,2,2,3,3,14,4,0,8,8,11,37,27,27,26,3,0
planted,1096,8,0,0,2,2,6,3,15,5,0,9,13,18,36,20,20,15,5,4
planted,1097,8,2,2,2,2,3,3,14,4,0,16,16,18,34,23,23,21,2,0
planted,1098,8,2,0,2,2,6,6,17,5,0,16,16,18,41,23,23,21,2,0
planted,1099,8,3,2,1,1,3,3,9,4,0,13,13,19,32,19,19,14,6,0
planted,1100,8,1,2,3,3,6,4,19,5,0,20,25,25,33,18,13,12,0,5
planted,1101,8,2,3,2,2,4,4,15,4,0,19,19,16,33,21,21,19,-3,0
planted,1102,8,2,3,3,3,4,3,17,4,0,13,16,21,36,22,21,15,5,3
planted,1103,8,0,0,2,2,4,3,20,5,0,14,19,21,34,21,16,19,2,5
planted,1104,8,0,0,1,1,4,4,13,5,0,17,17,19,34,17,17,17,2,0
planted,1105,8,0,3,1,1,3,3,13,4,0,12,12,15,40,20,20,15,3,0
planted,1106,8,2,2,1,1,4,4,9,4,0,8,8,16,32,23,23,20,8,0
planted,1107,8,0,3,2,2,4,4,11,4,0,11,11,20,35,24,24,13,9,0
planted,1108,8,1,3,3,3,4,3,17,4,0,13,15,17,37,26,20,18,2,2
planted,1109,8,0,1,2,2,3,3,14,4,0,15,15,22,38,25,25,18,7,0
planted,1110,8,3,3,2,2,4,4,11,4,0,11,11,16,38,25,25,22,5,0
planted,1111,8,1,0,1,1,3,3,13,4,0,13,13,18,39,25,25,19,5,0
planted,1112,8,2,0,3,3,4,3,13,4,0,6,8,15,40,34,31,16,7,2
planted,1113,8,1,2,3,3,6,4,19,5,0,15,20,25,33,17,14,12,5,5
planted,1114,8,2,3,1,1,6,6,13,5,0,21,21,19,34,17,17,21,-2,0
planted,1115,8,0,0,1,1,3,3,13,4,0,7,7,13,36,29,29,22,6,0
planted,1116,8,0,0,2,2,6,6,17,5,0,12,12,14,33,17,17,15,2,0
planted,1117,8,2,1,2,2,6,4,17,5,0,16,16,19,31,14,16,13,3,0
planted,1118,8,2,1,1,1,6,6,13,5,0,21,21,20,38,16,16,16,-1,0
planted,1119,8,3,3,2,2,4,4,15,4,0,11,11,17,36,25,25,22,6,0
planted,1120,8,0,1,1,1,2,2,7,3,0,10,10,15,35,26,26,24,5,0
planted,1121,8,3,0,1,1,4,4,9,4,0,13,13,19,38,23,23,16,6,0
planted,1122,8,2,1,1,1,4,4,13,4,0,10,10,15,38,22,22,19,5,0
planted,1123,8,1,0,3,3,4,3,13,4,0,12,11,15,36,24,27,16,4,-1
planted,1124,8,2,0,2,2,3,2,10,4,0,5,11,16,42,34,30,20,5,6
planted,1125,8,0,3,1,1,6,6,17,5,0,22,22,18,36,16,16,16,-4,0
planted,1126,8,2,2,1,1,3,3,9,4,0,9,9,14,33,24,24,18,5,0
planted,1127,8,2,0,2,2,6,6,17,5,0,23,23,24,33,16,16,14,1,0
planted,1128,8,0,3,1,1,6,6,13,5,0,17,17,20,36,18,18,15,3,0
planted,1129,8,0,0,1,1,4,4,13,5,0,15,15,22,39,20,20,14,7,0
planted,1130,8,1,2,1,1,3,3,13,4,0,9,9,9,36,24,24,24,0,0
planted,1131,8,2,0,2,2,2,2,12,3,0,5,5,15,40,29,29,17,10,0
planted,1132,8,0,2,2,2,4,4,19,5,0,16,18,20,38,23,19,20,2,2
planted,1133,8,3,3,1,1,4,4,9,4,0,16,16,20,32,21,21,17,4,0
planted,1134,8,3,0,1,1,4,4,13,4,0,10,10,20,34,22,22,17,10,0
planted,1135,8,1,3,2,2,4,3,15,4,0,9,6,13,37,27,25,20,7,-3
planted,1136,8,0,3,2,2,4,4,11,4,0,11,11,14,34,25,25,19,3,0
planted,1137,8,1,0,1,1,2,2,11,3,0,6,6,18,31,24,24,19,12,0
planted,1138,8,1,2,1,1,3,3,13,4,0,14,14,14,36,22,22,22,0,0
planted,1139,8,3,2,1,1,2,2,11,3,0,4,4,8,33,30,30,29,4,0
planted,1140,8,3,0,1,1,4,4,13,5,0,17,17,20,38,18,18,17,3,0
planted,1141,8,1,2,2,2,4,4,15,5,0,7,17,22,38,29,17,13,5,10
planted,1142,8,0,2,3,3,6,4,19,5,0,20,17,21,41,22,20,20,4,-3
planted,1143,8,1,2,2,2,3,3,16,4,0,13,15,17,41,26,25,22,2,2
planted,1144,8,3,0,1,1,6,6,13,5,0,15,15,15,37,18,18,19,0,0
planted,1145,8,3,0,2,2,4,3,15,4,0,11,11,20,34,21,21,15,9,0
planted,1146,8,3,2,1,1,3,3,13,4,0,9,9,16,36,22,22,22,7,0
planted,1147,8,0,0,1,1,6,6,13,5,0,18,18,18,33,18,18,18,0,0
planted,1148,8,0,1,2,2,4,3,15,4,0,8,7,12,37,25,29,22,5,-1
planted,1149,8,0,1,2,2,6,6,15,5,0,15,15,20,32,14,14,13,5,0
planted,1150,8,3,3,1,1,6,6,13,5,0,18,18,20,35,15,15,14,2,0
planted,1151,8,2,1,1,1,3,3,9,4,0,10,10,23,40,29,29,19,13,0
planted,1152,8,1,2,1,1,6,6,13,5,0,17,17,18,40,20,20,18,1,0
planted,1153,8,2,3,1,1,6,6,13,5,0,14,14,15,42,23,23,23,1,0
planted,1154,8,2,2,2,2,4,3,15,4,0,15,9,14,43,29,26,20,5,-6
planted,1155,8,3,1,1,1,4,4,13,4,0,16,16,20,36,18,18,12,4,0
planted,1156,8,1,2,2,2,4,4,11,4,0,11,11,18,39,30,30,26,7,0
planted,1157,8,3,3,2,2,4,4,11,4,0,17,17,23,37,23,23,21,6,0
planted,1158,8,2,2,2,2,4,4,19,5,0,17,17,18,39,21,21,22,1,0
planted,1159,8,0,0,2,2,4,2,18,5,0,8,21,16,39,30,19,22,-5,13
planted,1160,8,1,3,2,2,4,4,15,5,0,12,19,23,36,28,16,14,4,7
planted,1161,8,3,3,1,1,4,4,13,4,0,14,14,14,35,21,21,21,0,0
planted,1162,8,1,3,2,2,6,6,17,5,0,18,18,20,38,20,20,15,2,0
planted,1163,8,3,0,2,2,4,3,15,4,0,13,14,22,36,22,20,13,8,1
planted,1164,8,2,2,2,2,4,4,15,4,0,11,11,16,33,19,19,19,5,0
planted,1165,8,3,2,2,2,4,3,15,4,0,15,11,17,31,21,24,21,6,-4
planted,1166,8,1,2,3,3,4,3,17,4,0,12,12,15,38,24,25,23,3,0
planted,1167,8,1,3,1,1,4,4,9,4,0,12,12,17,29,22,22,21,5,0
planted,1168,8,0,3,2,2,4,4,11,4,0,8,8,11,36,24,24,20,3,0
planted,1169,8,3,3,2,2,4,4,19,5,0,19,19,23,36,17,17,15,4,0
planted,1170,8,0,3,2,2,4,3,11,4,0,13,22,22,30,20,16,21,0,9
planted,1171,8,2,0,1,1,6,6,13,5,0,16,16,17,40,24,24,24,1,0
planted,1172,8,3,1,1,1,4,4,13,5,0,19,19,18,37,20,20,19,-1,0
planted,1173,8,1,0,1,1,6,6,13,5,0,23,23,23,35,13,13,13,0,0
planted,1174,8,3,1,1,1,6,6,13,5,0,15,15,20,37,20,20,19,5,0
planted,1175,8,1,0,1,1,3,3,9,4,0,13,13,22,37,23,23,12,9,0
planted,1176,8,0,0,2,2,4,3,15,4,0,11,9,17,39,24,25,18,8,-2
planted,1177,8,3,1,1,1,2,2,11,3,0,5,5,14,35,30,30,26,9,0
planted,1178,8,2,2,1,1,2,2,11,3,0,9,9,20,39,32,32,20,11,0
planted,1179,8,2,2,1,1,1,1,10,2,0,0,0,0,32,32,32,32,0,0
planted,1180,8,1,1,1,1,4,4,17,5,0,15,15,23,34,16,16,15,8,0
planted,1181,8,0,3,1,1,4,4,13,4,0,12,12,16,36,18,18,17,4,0
planted,1182,8,3,2,3,3,4,3,17,4,0,7,12,12,28,22,22,16,0,5
planted,1183,8,2,3,2,2,4,4,15,4,0,12,12,22,31,19,19,11,10,0
planted,1184,8,1,2,2,2,4,2,18,5,0,3,15,18,32,29,17,17,3,12
planted,1185,8,2,1,1,1,4,4,13,5,0,17,17,21,33,16,16,12,4,0
planted,1186,8,1,0,1,1,3,3,13,4,0,13,13,22,39,21,21,12,9,0
planted,1187,8,1,2,2,2,4,3,15,4,0,12,11,17,37,28,28,22,6,-1
planted,1188,8,2,1,2,2,3,2,14,4,0,8,17,14,36,29,23,22,-3,9
planted,1189,8,2,2,1,1,3,3,13,4,0,12,12,20,34,22,22,16,8,0
planted,1190,8,0,3,1,1,2,2,11,3,0,9,9,19,37,30,30,19,10,0
planted,1191,8,3,1,4,4,4,4,18,5,0,14,14,17,32,14,14,13,3,0
planted,1192,8,2,2,1,1,2,2,11,3,0,4,4,8,40,36,36,27,4,0
planted,1193,8,0,1,1,1,4,4,13,5,0,18,18,23,38,17,17,13,5,0
planted,1194,8,2,1,2,2,4,3,15,4,0,16,13,22,37,26,21,18,9,-3
planted,1195,8,0,0,1,1,4,4,9,4,0,12,12,16,34,23,23,21,4,0
planted,1196,8,2,2,2,2,3,3,14,4,0,11,11,15,36,25,25,20,4,0
planted,1197,8,1,3,1,1,4,4,13,5,0,21,21,22,32,18,18,16,1,0
planted,1198,8,1,3,2,2,3,3,14,4,0,11,11,19,35,22,22,17,8,0
planted,1199,8,3,1,1,1,4,4,13,4,0,13,13,18,39,25,25,20,5,0
planted,1200,8,1,0,2,2,4,3,15,4,0,14,7,14,37,26,24,21,7,-7
planted,1201,8,0,3,1,1,3,3,13,4,0,15,15,22,34,17,17,14,7,0
planted,1202,8,0,2,2,2,4,4,19,5,0,18,18,20,33,18,18,16,2,0
planted,1203,8,0,2,1,1,1,1,10,2,0,0,0,0,42,42,42,42,0,0
planted,1204,8,3,3,1,1,4,4,13,5,0,18,18,24,40,18,18,14,6,0
planted,1205,8,1,2,1,1,3,3,9,4,0,8,8,27,36,23,23,11,19,0
planted,1206,8,3,0,3,3,4,3,17,4,0,12,13,17,37,25,28,17,4,1
planted,1207,8,1,1,2,2,4,3,11,4,0,13,8,15,43,30,25,18,7,-5
planted,1208,8,2,3,1,1,3,3,13,4,0,16,16,16,40,22,22,19,0,0
planted,1209,8,2,1,2,2,4,4,19,5,0,18,15,19,36,22,19,14,4,-3
planted,1210,8,0,2,1,1,3,3,13,4,0,9,9,16,39,26,26,22,7,0
planted,1211,8,1,2,2,2,4,4,18,5,0,18,18,20,32,17,17,18,2,0
planted,1212,8,0,1,2,2,6,6,15,5,0,18,18,21,36,21,21,17,3,0
planted,1213,8,3,1,1,1,6,6,13,5,0,18,18,21,36,19,19,15,3,0
planted,1214,8,3,2,1,1,6,6,13,5,0,14,14,17,33,18,18,19,3,0
planted,1215,8,0,1,2,2,4,3,15,4,0,9,12,19,31,23,21,20,7,3
planted,1216,8,0,1,2,2,3,2,10,4,0,3,15,20,37,35,23,13,5,12
planted,1217,8,2,1,1,1,6,6,13,5,0,21,21,23,34,13,13,10,2,0
planted,1218,8,1,1,2,2,6,3,15,5,0,13,21,16,39,25,22,22,-5,8
planted,1219,8,0,2,2,2,6,3,15,5,0,12,12,15,36,20,15,13,3,0
planted,1220,8,2,3,1,1,4,4,13,4,0,7,7,8,35,26,26,24,1,0
planted,1221,8,3,0,1,1,3,3,13,4,0,14,14,22,37,23,23,17,8,0
planted,1222,8,3,3,1,1,4,4,13,4,0,14,14,16,35,27,27,25,2,0
planted,1223,8,2,2,1,1,3,3,9,4,0,7,7,18,37,24,24,14,11,0
planted,1224,8,2,2,1,1,3,3,9,4,0,11,11,17,32,22,22,17,6,0
planted,1225,8,3,1,2,2,4,3,11,4,0,9,13,19,34,23,24,18,6,4
planted,1226,8,1,0,1,1,6,6,13,5,0,13,13,16,32,20,20,18,3,0
planted,1227,8,2,3,2,2,6,4,17,5,0,20,20,22,37,18,16,14,2,0
planted,1228,8,0,0,1,1,4,4,13,4,0,7,7,14,41,25,25,21,7,0
planted,1229,8,1,2,3,3,4,3,17,4,0,10,11,14,34,28,24,21,3,1
planted,1230,8,1,3,3,3,4,3,17,4,0,10,16,16,35,20,17,18,0,6
planted,1231,8,3,2,2,2,4,3,11,4,0,14,16,18,33,23,21,17,2,2
planted,1232,8,3,1,2,2,4,4,14,5,0,17,17,17,37,20,20,17,0,0
planted,1233,8,3,1,2,2,4,4,15,4,0,9,9,16,34,26,26,18,7,0
planted,1234,8,2,0,2,2,3,2,14,4,0,6,12,22,35,32,21,16,10,6
planted,1235,8,1,3,2,2,4,4,15,4,0,15,15,19,36,20,20,18,4,0
planted,1236,8,2,3,2,2,4,3,15,4,0,9,13,19,37,26,26,19,6,4
planted,1237,8,1,0,1,1,6,6,13,5,0,16,16,21,38,19,19,15,5,0
planted,1238,8,2,2,1,1,3,3,9,4,0,11,11,18,36,21,21,12,7,0
planted,1239,8,1,1,2,2,4,4,11,4,0,9,9,18,40,23,23,13,9,0
sparse,1000,5,3,3,2,2,3,3,10,4,0,6,6,6,40,26,26,26,0,0
sparse,1001,5,3,3,1,1,1,1,6,2,0,0,0,0,34,34,34,34,0,0
sparse,1002,5,2,1,2,2,2,2,8,3,0,6,6,7,36,31,31,34,1,0
sparse,1003,5,2,1,1,1,3,3,9,4,0,12,12,9,33,23,23,29,-3,0
sparse,1004,5,3,3,2,2,2,2,8,3,0,7,7,12,37,31,31,28,5,0
sparse,1005,5,0,2,1,1,2,2,7,3,0,9,9,9,35,26,26,25,0,0
sparse,1006,5,1,0,1,1,2,2,7,3,0,4,4,6,36,30,30,29,2,0
sparse,1007,5,1,2,1,1,4,4,7,4,0,13,13,14,33,23,23,23,1,0
sparse,1008,5,3,2,1,1,4,4,7,4,0,8,8,12,35,25,25,21,4,0
sparse,1009,5,1,0,1,1,3,3,9,4,0,9,9,9,35,23,23,23,0,0
sparse,1010,5,3,1,1,1,3,3,7,4,0,10,10,12,31,22,22,20,2,0
sparse,1011,5,2,1,1,1,1,1,10,2,0,0,0,0,38,38,38,38,0,0
sparse,1012,5,3,2,2,2,2,2,8,3,0,5,5,10,31,27,27,23,5,0
sparse,1013,5,3,3,1,1,2,2,7,3,0,6,6,7,37,34,34,33,1,0
sparse,1014,5,2,2,1,1,3,3,7,4,0,14,14,14,35,20,20,24,0,0
sparse,1015,5,1,2,2,2,3,3,10,4,0,12,12,6,38,25,25,29,-6,0
sparse,1016,5,0,0,1,1,2,2,11,3,0,6,6,6,36,33,33,33,0,0
sparse,1017,5,2,0,1,1,2,2,7,3,0,6,6,9,33,27,27,28,3,0
sparse,1018,5,0,2,2,2,2,2,8,3,0,9,8,13,32,25,23,23,5,-1
sparse,1019,5,0,1,1,1,2,2,7,3,0,4,4,8,36,29,29,27,4,0
sparse,1020,5,2,2,1,1,1,1,10,2,0,0,0,0,36,36,36,36,0,0
sparse,1021,5,2,2,2,2,3,3,12,4,0,13,13,16,39,25,25,23,3,0
sparse,1022,5,3,0,1,1,3,3,9,4,0,12,12,13,34,23,23,23,1,0
sparse,1023,5,0,0,2,2,2,2,8,3,0,6,7,11,35,28,30,27,4,1
sparse,1024,5,1,0,1,1,3,3,9,4,0,12,12,11,38,23,23,26,-1,0
sparse,1025,5,1,0,1,1,2,2,7,3,0,12,12,12,35,27,27,27,0,0
sparse,1026,5,2,0,1,1,3,3,9,4,0,15,15,9,39,29,29,26,-6,0
sparse,1027,5,2,2,1,1,1,1,10,2,0,0,0,0,34,34,34,34,0,0
sparse,1028,5,2,3,1,1,4,4,7,4,0,14,14,16,36,22,22,20,2,0
sparse,1029,5,1,2,1,1,1,1,6,2,0,0,0,0,41,41,41,41,0,0
sparse,1030,5,0,0,2,2,2,2,8,3,0,6,3,9,35,30,31,26,6,-3
sparse,1031,5,0,0,1,1,2,2,5,3,0,9,9,8,37,29,29,29,-1,0
sparse,1032,5,1,0,1,1,3,3,7,4,0,12,12,12,32,21,21,21,0,0
sparse,1033,5,2,3,1,1,2,2,11,3,0,4,4,6,33,28,28,24,2,0
sparse,1034,5,0,3,2,2,2,2,8,3,0,6,8,16,34,29,27,22,8,2
sparse,1035,5,2,1,2,2,2,2,8,3,0,5,5,5,35,26,30,26,0,0
sparse,1036,5,0,3,1,1,3,3,9,4,0,16,16,16,37,26,26,22,0,0
sparse,1037,5,1,1,1,1,1,1,6,2,0,0,0,0,36,36,36,36,0,0
sparse,1038,5,2,1,1,1,3,3,9,4,0,14,14,13,34,23,23,25,-1,0
sparse,1039,5,1,3,1,1,4,4,11,5,0,15,15,15,35,19,19,19,0,0
sparse,1040,5,2,2,1,1,3,3,9,4,0,13,13,14,33,22,22,22,1,0
sparse,1041,5,1,0,2,2,2,2,8,3,0,3,3,3,45,37,37,40,0,0
sparse,1042,5,1,0,2,2,3,3,10,4,0,9,9,11,35,26,26,25,2,0
sparse,1043,5,1,3,1,1,3,3,9,4,0,12,12,12,37,26,26,26,0,0
sparse,1044,5,1,0,1,1,3,3,9,4,0,11,11,10,38,24,24,22,-1,0
sparse,1045,5,0,2,2,2,3,3,12,4,0,10,11,14,34,21,25,22,3,1
sparse,1046,5,2,2,2,2,3,3,10,4,0,14,14,14,34,20,20,21,0,0
sparse,1047,5,2,2,1,1,2,2,11,3,0,5,5,7,36,30,30,31,2,0
sparse,1048,5,0,2,1,1,2,2,7,3,0,7,7,11,35,25,25,24,4,0
sparse,1049,5,0,3,2,2,3,3,10,4,0,13,13,10,35,23,23,25,-3,0
sparse,1050,5,3,0,1,1,2,2,7,3,0,7,7,11,36,31,31,26,4,0
sparse,1051,5,0,2,1,1,1,1,6,2,0,0,0,0,33,33,33,33,0,0
sparse,1052,5,2,0,1,1,2,2,7,3,0,7,7,11,37,30,30,25,4,0
sparse,1053,5,1,2,2,2,3,2,10,4,0,3,14,14,36,31,24,24,0,11
sparse,1054,5,1,3,1,1,3,3,9,4,0,12,12,12,35,25,25,24,0,0
sparse,1055,5,0,0,2,2,2,2,8,3,0,4,7,11,39,32,29,27,4,3
sparse,1056,5,1,0,1,1,4,4,9,4,0,11,11,11,36,25,25,25,0,0
sparse,1057,5,2,3,1,1,1,1,10,2,0,0,0,0,34,34,34,34,0,0
sparse,1058,5,0,3,1,1,3,3,9,4,0,12,12,12,31,22,22,22,0,0
sparse,1059,5,2,2,1,1,3,3,9,4,0,14,14,20,37,22,22,15,6,0
sparse,1060,5,1,3,1,1,3,3,9,4,0,17,17,17,36,20,20,19,0,0
sparse,1061,5,0,3,1,1,2,2,7,3,0,6,6,9,39,35,35,26,3,0
sparse,1062,5,2,3,1,1,3,3,9,4,0,10,10,12,36,26,26,24,2,0
sparse,1063,5,2,0,1,1,2,2,7,3,0,5,5,6,38,33,33,30,1,0
sparse,1064,5,3,2,1,1,3,3,7,4,0,15,15,16,31,16,16,16,1,0
sparse,1065,5,2,1,1,1,2,2,7,3,0,6,6,9,38,35,35,30,3,0
sparse,1066,5,0,2,2,2,3,3,12,4,0,7,12,13,36,28,23,23,1,5
sparse,1067,5,3,3,1,1,2,2,11,3,0,6,6,6,36,32,32,32,0,0
sparse,1068,5,1,2,2,2,2,2,8,3,0,7,7,7,39,27,27,32,0,0
sparse,1069,5,1,0,1,1,2,2,5,3,0,6,6,17,31,28,28,22,11,0
sparse,1070,5,3,0,2,2,3,3,12,4,0,10,10,15,38,31,31,21,5,0
sparse,1071,5,3,0,2,2,4,4,9,4,0,6,6,9,35,30,30,25,3,0
sparse,1072,5,2,2,2,2,2,2,8,3,0,8,8,9,36,29,29,27,1,0
sparse,1073,5,1,3,2,2,2,2,8,3,0,5,7,9,37,31,27,25,2,2
sparse,1074,5,3,1,1,1,2,2,7,3,0,4,4,4,32,28,28,28,0,0
sparse,1075,5,3,2,1,1,1,1,10,2,0,0,0,0,35,35,35,35,0,0
sparse,1076,5,3,3,1,1,3,3,9,4,0,9,9,9,38,25,25,25,0,0
sparse,1077,5,1,0,2,2,2,2,8,3,0,5,8,7,35,30,31,30,-1,3
sparse,1078,5,0,2,2,2,2,2,8,3,0,1,9,10,40,37,32,25,1,8
sparse,1079,5,2,0,1,1,3,3,9,4,0,13,13,13,31,22,22,24,0,0
sparse,1080,5,1,1,2,2,2,2,8,3,0,6,6,14,34,29,31,23,8,0
sparse,1081,5,0,1,1,1,3,3,9,4,0,15,15,14,33,22,22,23,-1,0
sparse,1082,5,2,2,1,1,1,1,6,2,0,0,0,0,33,33,33,33,0,0
sparse,1083,5,2,2,2,2,4,4,9,4,0,3,3,14,41,31,31,25,11,0
sparse,1084,5,0,0,1,1,4,4,11,5,0,17,17,13,37,21,21,28,-4,0
sparse,1085,5,1,2,2,2,4,4,9,4,0,12,12,12,38,20,20,20,0,0
sparse,1086,5,2,2,2,2,3,2,10,4,0,6,15,15,32,26,21,21,0,9
sparse,1087,5,2,1,2,2,2,2,8,3,0,6,6,5,40,30,30,30,-1,0
sparse,1088,5,3,3,1,1,2,2,11,3,0,9,9,9,36,28,28,28,0,0
sparse,1089,5,1,0,2,2,4,4,9,4,0,10,10,13,36,22,22,20,3,0
sparse,1090,5,1,3,1,1,2,2,7,3,0,7,7,10,40,33,33,30,3,0
sparse,1091,5,0,3,2,2,2,2,8,3,0,3,3,4,39,35,32,29,1,0
sparse,1092,5,1,3,2,2,3,2,10,4,0,7,14,12,33,26,19,21,-2,7
sparse,1093,5,2,3,1,1,1,1,10,2,0,0,0,0,38,38,38,38,0,0
sparse,1094,5,3,1,1,1,2,2,5,3,0,11,11,21,38,29,29,15,10,0
sparse,1095,5,1,2,1,1,2,2,7,3,0,8,8,9,36,32,32,31,1,0
sparse,1096,5,2,3,1,1,4,4,9,4,0,10,10,10,34,23,23,23,0,0
sparse,1097,5,2,3,2,2,3,3,10,4,0,12,12,14,31,20,20,16,2,0
sparse,1098,5,3,3,1,1,2,2,7,3,0,11,11,11,33,24,24,25,0,0
sparse,1099,5,2,0,1,1,2,2,11,3,0,4,4,4,38,34,34,33,0,0
sparse,1100,5,3,1,1,1,2,2,7,3,0,8,8,8,38,31,31,31,0,0
sparse,1101,5,2,0,2,2,4,4,9,4,0,18,18,18,31,18,18,18,0,0
sparse,1102,5,3,2,2,2,4,4,9,4,0,13,13,15,34,22,22,21,2,0
sparse,1103,5,0,2,1,1,2,2,7,3,0,9,9,9,39,29,29,29,0,0
sparse,1104,5,0,3,1,1,2,2,7,3,0,6,6,12,38,34,34,26,6,0
sparse,1105,5,1,0,1,1,4,4,11,5,0,18,18,15,37,17,17,19,-3,0
sparse,1106,5,2,0,2,2,3,3,12,4,0,9,9,13,36,25,25,24,4,0
sparse,1107,5,0,2,2,2,2,2,6,3,0,7,6,10,35,28,31,27,4,-1
sparse,1108,5,0,3,1,1,4,4,7,4,0,11,11,10,33,24,24,21,-1,0
sparse,1109,5,3,3,1,1,4,4,11,5,0,18,18,18,40,19,19,19,0,0
sparse,1110,5,3,0,2,2,2,2,8,3,0,12,12,3,38,29,29,29,-9,0
sparse,1111,5,1,1,2,2,4,3,9,4,0,14,15,19,34,21,17,15,4,1
sparse,1112,5,3,3,1,1,3,3,9,4,0,10,10,13,39,27,27,22,3,0
sparse,1113,5,1,1,1,1,1,1,10,2,0,0,0,0,33,33,33,33,0,0
sparse,1114,5,1,0,1,1,2,2,7,3,0,9,9,9,37,29,29,29,0,0
sparse,1115,5,0,0,1,1,2,2,5,3,0,5,5,13,36,30,30,23,8,0
sparse,1116,5,1,2,1,1,2,2,7,3,0,5,5,8,33,29,29,26,3,0
sparse,1117,5,1,2,1,1,2,2,11,3,0,3,3,10,36,30,30,25,7,0
sparse,1118,5,2,0,1,1,2,2,7,3,0,4,4,6,35,30,30,29,2,0
sparse,1119,5,2,1,2,2,2,2,8,3,0,7,7,11,35,30,30,26,4,0
sparse,1120,5,0,0,1,1,2,2,7,3,0,9,9,13,35,29,29,28,4,0
sparse,1121,5,3,1,1,1,1,1,6,2,0,0,0,0,34,34,34,34,0,0
sparse,1122,5,3,3,1,1,2,2,7,3,0,8,8,10,33,26,26,27,2,0
sparse,1123,5,0,3,1,1,2,2,11,3,0,4,4,4,36,34,34,34,0,0
sparse,1124,5,3,3,1,1,2,2,11,3,0,2,2,2,32,28,28,26,0,0
sparse,1125,5,0,1,1,1,2,2,7,3,0,3,3,4,39,35,35,34,1,0
sparse,1126,5,2,0,2,2,2,2,12,3,0,9,9,7,39,31,31,29,-2,0
sparse,1127,5,2,1,1,1,3,3,7,4,0,9,9,10,42,29,29,25,1,0
sparse,1128,5,3,2,1,1,4,4,7,4,0,14,14,17,37,27,27,25,3,0
sparse,1129,5,1,2,2,2,2,2,6,3,0,3,7,13,40,34,34,28,6,4
sparse,1130,5,1,1,2,2,2,2,8,3,0,5,3,7,36,30,33,29,4,-2
sparse,1131,5,2,3,1,1,2,2,7,3,0,7,7,11,38,30,30,25,4,0
sparse,1132,5,3,2,1,1,2,2,11,3,0,6,6,8,37,28,28,26,2,0
sparse,1133,5,2,2,1,1,2,2,7,3,0,5,5,12,39,29,29,23,7,0
sparse,1134,5,2,3,2,2,2,2,8,3,0,6,6,12,37,33,33,26,6,0
sparse,1135,5,2,2,2,2,2,2,8,3,0,9,7,11,28,22,23,21,4,-2
sparse,1136,5,2,0,1,1,2,2,7,3,0,4,4,4,38,34,34,34,0,0
sparse,1137,5,0,3,1,1,2,2,7,3,0,7,7,4,38,31,31,30,-3,0
sparse,1138,5,0,2,1,1,2,2,7,3,0,3,3,6,33,31,31,28,3,0
sparse,1139,5,3,0,1,1,2,2,7,3,0,5,5,5,43,36,36,36,0,0
sparse,1140,5,1,2,2,2,2,2,8,3,0,7,7,7,38,32,32,29,0,0
sparse,1141,5,1,3,1,1,2,2,7,3,0,7,7,7,36,31,31,31,0,0
sparse,1142,5,0,1,2,2,2,2,8,3,0,3,5,8,42,37,33,28,3,2
sparse,1143,5,2,3,2,2,2,2,8,3,0,9,9,11,37,29,29,25,2,0
sparse,1144,5,3,3,2,2,3,2,10,4,0,6,14,19,38,34,22,24,5,8
sparse,1145,5,2,1,1,1,1,1,6,2,0,0,0,0,34,34,34,34,0,0
sparse,1146,5,3,2,2,2,3,2,10,4,0,4,15,15,32,28,22,22,0,11
sparse,1147,5,0,1,2,2,2,2,8,3,0,6,5,12,35,30,31,26,7,-1
sparse,1148,5,0,1,1,1,2,2,7,3,0,5,5,7,37,28,28,27,2,0
sparse,1149,5,0,2,1,1,1,1,10,2,0,0,0,0,36,36,36,36,0,0
sparse,1150,5,2,1,1,1,1,1,10,2,0,0,0,0,35,35,35,35,0,0
sparse,1151,5,3,2,1,1,3,3,9,4,0,11,11,11,36,27,27,26,0,0
sparse,1152,5,1,0,2,2,2,2,6,3,0,3,3,11,36,33,33,24,8,0
sparse,1153,5,3,2,1,1,1,1,6,2,0,0,0,0,41,41,41,41,0,0
sparse,1154,5,1,0,1,1,4,4,7,4,0,15,15,18,39,22,22,18,3,0
sparse,1155,5,3,3,1,1,3,3,7,4,0,15,15,19,37,24,24,18,4,0
sparse,1156,5,2,2,1,1,1,1,6,2,0,0,0,0,37,37,37,37,0,0
sparse,1157,5,2,3,1,1,2,2,11,3,0,6,6,6,33,28,28,28,0,0
sparse,1158,5,1,2,2,2,4,3,9,4,0,15,18,20,32,21,21,19,2,3
sparse,1159,5,1,2,1,1,2,2,7,3,0,8,8,16,35,29,29,28,8,0
sparse,1160,5,3,3,1,1,2,2,11,3,0,5,5,5,37,30,30,30,0,0
sparse,1161,5,3,0,2,2,2,2,8,3,0,2,2,5,35,34,34,30,3,0
sparse,1162,5,1,1,1,1,2,2,7,3,0,8,8,8,34,27,27,27,0,0
sparse,1163,5,2,3,1,1,3,3,9,4,0,15,15,11,38,26,26,26,-4,0
sparse,1164,5,2,0,1,1,1,1,6,2,0,0,0,0,35,35,35,35,0,0
sparse,1165,5,2,1,1,1,1,1,6,2,0,0,0,0,38,38,38,38,0,0
sparse,1166,5,2,1,2,2,3,3,10,4,0,12,12,14,34,21,21,20,2,0
sparse,1167,5,2,1,2,2,2,2,12,3,0,3,3,5,40,34,34,34,2,0
sparse,1168,5,0,2,1,1,2,2,7,3,0,4,4,6,32,28,28,27,2,0
sparse,1169,5,2,3,1,1,4,4,7,4,0,12,12,13,33,20,20,18,1,0
sparse,1170,5,0,0,1,1,3,3,9,4,0,16,16,15,33,20,20,20,-1,0
sparse,1171,5,0,3,2,2,2,2,8,3,0,9,6,14,33,26,29,22,8,-3
sparse,1172,5,2,0,1,1,3,3,9,4,0,10,10,12,31,21,21,22,2,0
sparse,1173,5,0,3,2,2,2,2,8,3,0,11,6,13,34,27,29,26,7,-5
sparse,1174,5,2,3,2,2,2,2,8,3,0,9,9,13,31,25,25,22,4,0
sparse,1175,5,0,1,1,1,3,3,7,4,0,12,12,11,33,23,23,23,-1,0
sparse,1176,5,2,2,1,1,2,2,7,3,0,6,6,8,37,33,33,28,2,0
sparse,1177,5,3,1,1,1,2,2,7,3,0,2,2,7,39,35,35,30,5,0
sparse,1178,5,2,0,1,1,2,2,7,3,0,9,9,10,38,32,32,28,1,0
sparse,1179,5,1,0,2,2,2,2,8,3,0,8,9,10,33,28,27,27,1,1
sparse,1180,5,0,3,1,1,2,2,7,3,0,6,6,6,37,27,27,27,0,0
sparse,1181,5,1,0,1,1,4,4,7,4,0,12,12,13,39,25,25,23,1,0
sparse,1182,5,3,0,2,2,2,2,12,3,0,4,4,7,35,29,29,25,3,0
sparse,1183,5,1,2,1,1,4,4,9,4,0,11,11,11,41,28,28,28,0,0
sparse,1184,5,1,0,2,2,2,2,8,3,0,3,7,6,41,38,34,31,-1,4
sparse,1185,5,1,3,1,1,2,2,7,3,0,5,5,5,38,34,34,34,0,0
sparse,1186,5,1,0,2,2,2,2,8,3,0,6,6,10,28,24,24,20,4,0
sparse,1187,5,0,1,1,1,3,3,9,4,0,8,8,16,38,27,27,21,8,0
sparse,1188,5,1,1,1,1,2,2,7,3,0,4,4,4,27,22,22,22,0,0
sparse,1189,5,2,3,2,2,2,2,8,3,0,1,1,5,32,31,31,26,4,0
sparse,1190,5,0,2,1,1,2,2,7,3,0,3,3,5,34,26,26,24,2,0
sparse,1191,5,2,0,1,1,3,3,7,4,0,13,13,14,38,25,25,26,1,0
sparse,1192,5,2,1,2,2,3,3,10,4,0,14,14,15,38,23,23,23,1,0
sparse,1193,5,1,0,2,2,2,2,6,3,0,9,3,14,35,28,33,24,11,-6
sparse,1194,5,3,0,1,1,2,2,5,3,0,7,7,7,34,29,29,29,0,0
sparse,1195,5,0,0,1,1,2,2,7,3,0,6,6,10,35,31,31,30,4,0
sparse,1196,5,3,0,1,1,3,3,9,4,0,12,12,15,35,20,20,17,3,0
sparse,1197,5,0,2,2,2,2,2,12,3,0,4,4,6,42,37,38,36,2,0
sparse,1198,5,1,1,1,1,3,3,7,4,0,8,8,10,35,24,24,23,2,0
sparse,1199,5,3,2,2,2,3,2,10,4,0,7,15,16,34,25,21,19,1,8
sparse,1200,5,1,1,1,1,1,1,6,2,0,0,0,0,33,33,33,33,0,0
sparse,1201,5,0,2,1,1,2,2,7,3,0,3,3,7,39,31,31,25,4,0
sparse,1202,5,0,3,1,1,3,3,9,4,0,10,10,12,39,30,30,28,2,0
sparse,1203,5,1,1,1,1,2,2,7,3,0,7,7,15,35,28,28,25,8,0
sparse,1204,5,3,0,2,2,2,2,8,3,0,6,6,10,32,25,25,21,4,0
sparse,1205,5,0,0,1,1,2,2,7,3,0,6,6,7,31,27,27,27,1,0
sparse,1206,5,3,3,2,2,4,4,9,4,0,15,15,14,36,22,22,20,-1,0
sparse,1207,5,0,2,2,2,3,2,10,4,0,4,10,10,37,35,30,30,0,6
sparse,1208,5,2,2,1,1,2,2,7,3,0,8,8,8,39,28,28,28,0,0
sparse,1209,5,1,1,2,2,2,2,8,3,0,7,7,8,38,30,30,28,1,0
sparse,1210,5,1,2,1,1,3,3,9,4,0,15,15,19,33,21,21,19,4,0
sparse,1211,5,1,3,1,1,2,2,7,3,0,7,7,7,38,29,29,29,0,0
sparse,1212,5,0,2,1,1,2,2,5,3,0,5,5,8,32,27,27,22,3,0
sparse,1213,5,1,3,1,1,4,4,7,4,0,9,9,10,38,24,24,22,1,0
sparse,1214,5,2,2,1,1,2,2,7,3,0,8,8,15,34,29,29,24,7,0
sparse,1215,5,3,1,1,1,2,2,7,3,0,9,9,9,36,30,30,30,0,0
sparse,1216,5,0,2,2,2,2,2,8,3,0,5,3,5,36,32,31,30,2,-2
sparse,1217,5,3,2,1,1,4,4,7,4,0,9,9,11,36,25,25,24,2,0
sparse,1218,5,1,2,1,1,2,2,7,3,0,6,6,15,37,29,29,21,9,0
sparse,1219,5,1,3,1,1,2,2,7,3,0,8,8,11,37,29,29,25,3,0
sparse,1220,5,1,1,1,1,3,3,9,4,0,11,11,16,37,28,28,25,5,0
sparse,1221,5,1,3,2,2,3,3,10,4,0,12,12,12,33,21,21,21,0,0
sparse,1222,5,3,2,2,2,2,2,8,3,0,9,9,10,36,29,29,27,1,0
sparse,1223,5,3,1,2,2,3,2,10,4,0,1,19,12,34,27,20,22,-7,18
sparse,1224,5,1,2,2,2,3,3,10,4,0,11,11,16,35,25,25,23,5,0
sparse,1225,5,3,1,1,1,3,3,9,4,0,13,13,16,38,19,19,19,3,0
sparse,1226,5,3,0,2,2,3,2,10,4,0,6,13,12,34,28,24,25,-1,7
sparse,1227,5,2,2,1,1,2,2,11,3,0,4,4,4,30,27,27,27,0,0
sparse,1228,5,1,3,1,1,2,2,7,3,0,6,6,6,35,27,27,27,0,0
sparse,1229,5,0,3,1,1,2,2,7,3,0,10,10,14,31,22,22,19,4,0
sparse,1230,5,2,2,2,2,2,2,8,3,0,7,7,11,34,28,28,27,4,0
sparse,1231,5,1,2,1,1,4,4,7,4,0,13,13,14,36,17,17,17,1,0
sparse,1232,5,1,3,1,1,3,3,9,4,0,10,10,12,38,26,26,25,2,0
sparse,1233,5,2,1,2,2,4,3,9,4,0,10,11,14,31,20,17,15,3,1
sparse,1234,5,2,1,2,2,4,4,9,4,0,8,8,15,35,28,28,23,7,0
sparse,1235,5,1,3,1,1,2,2,11,3,0,5,5,7,36,32,32,31,2,0
sparse,1236,5,2,2,1,1,2,2,7,3,0,6,6,11,40,34,34,28,5,0
sparse,1237,5,2,2,1,1,2,2,7,3,0,8,8,6,39,30,30,27,-2,0
sparse,1238,5,2,3,2,2,2,2,8,3,0,7,5,7,38,32,28,26,2,-2
sparse,1239,5,2,0,1,1,4,4,7,4,0,9,9,12,34,21,21,19,3,0
capped-random,1000,8,1,0,2,2,4,3,15,4,0,10,6,15,37,24,29,18,9,-4
capped-random,1001,8,1,2,1,1,6,6,13,5,0,20,20,21,35,17,17,14,1,0
capped-random,1002,8,1,1,2,2,4,3,15,4,0,14,13,16,32,19,20,16,3,-1
capped-random,1003,8,2,0,1,1,4,4,13,4,0,13,13,17,39,24,24,18,4,0
capped-random,1004,8,1,2,1,1,6,6,17,5,0,14,14,12,37,23,23,23,-2,0
capped-random,1005,8,0,2,3,3,4,3,13,4,0,12,11,19,34,22,21,17,8,-1
capped-random,1006,8,1,1,2,2,2,2,12,3,0,5,5,11,32,29,29,26,6,0
capped-random,1007,8,0,0,2,2,6,3,15,5,0,11,21,17,37,25,18,20,-4,10
capped-random,1008,8,2,3,2,2,2,2,12,3,0,4,4,17,38,31,31,22,13,0
capped-random,1009,8,0,3,1,1,4,4,13,5,0,18,18,20,35,17,17,16,2,0
capped-random,1010,8,2,2,2,2,4,3,11,4,0,14,16,16,36,23,27,19,0,2
capped-random,1011,8,2,2,1,1,4,4,13,5,0,13,13,17,32,15,15,14,4,0
capped-random,1012,8,3,1,2,2,4,3,11,4,0,14,15,22,33,22,21,14,7,1
capped-random,1013,8,3,2,2,2,4,4,11,4,0,14,14,21,38,28,28,22,7,0
capped-random,1014,8,3,0,2,2,4,3,15,4,0,18,17,18,33,22,20,20,1,-1
capped-random,1015,8,0,1,2,2,2,2,12,3,0,8,8,11,32,28,28,23,3,0
capped-random,1016,8,1,2,2,2,4,4,11,4,0,13,13,15,39,20,20,19,2,0
capped-random,1017,8,2,3,2,2,3,3,14,4,0,11,11,14,38,25,25,19,3,0
capped-random,1018,8,1,3,1,1,3,3,9,4,0,11,11,17,36,21,21,12,6,0
capped-random,1019,8,0,0,1,1,4,4,13,4,0,17,17,22,37,20,20,16,5,0
capped-random,1020,8,3,1,3,3,4,4,21,5,0,17,17,21,31,17,17,15,4,0
capped-random,1021,8,2,1,1,1,2,2,11,3,0,5,5,7,35,30,30,28,2,0
capped-random,1022,8,0,1,2,2,4,3,15,4,0,13,15,16,34,24,23,22,1,2
capped-random,1023,8,0,0,1,1,3,3,13,4,0,13,13,10,37,25,25,32,-3,0
capped-random,1024,8,1,0,2,2,4,4,19,5,0,15,15,15,38,17,17,21,0,0
capped-random,1025,8,1,1,2,2,3,3,16,4,0,13,13,9,38,22,26,23,-4,0
capped-random,1026,8,1,0,4,4,4,3,18,4,0,14,15,19,36,23,24,20,4,1
capped-random,1027,8,3,2,1,1,3,3,13,4,0,13,13,20,38,24,24,18,7,0
capped-random,1028,8,3,2,2,2,3,3,14,4,0,11,11,15,38,30,30,21,4,0
capped-random,1029,8,2,0,2,2,4,4,11,4,0,14,14,20,32,23,23,19,6,0
capped-random,1030,8,0,1,2,2,4,3,15,4,0,18,21,25,37,23,20,16,4,3
capped-random,1031,8,0,0,2,2,4,3,15,4,0,15,13,18,32,20,20,18,5,-2
capped-random,1032,8,0,2,1,1,4,4,13,4,0,13,13,14,30,22,22,22,1,0
capped-random,1033,8,3,0,2,2,4,4,18,5,0,20,20,23,33,15,15,16,3,0
capped-random,1034,8,0,3,2,2,4,4,19,5,0,10,18,20,35,27,16,17,2,8
capped-random,1035,8,1,3,2,2,4,4,11,4,0,11,11,20,38,22,22,16,9,0
capped-random,1036,8,0,3,2,2,3,3,14,4,0,13,13,15,36,25,25,21,2,0
capped-random,1037,8,1,3,2,2,4,4,14,5,0,17,17,20,34,16,16,15,3,0
capped-random,1038,8,2,1,2,2,4,3,15,4,0,12,16,16,30,22,19,17,0,4
capped-random,1039,8,1,1,1,1,3,3,13,4,0,13,13,20,38,26,26,19,7,0
capped-random,1040,8,2,0,1,1,4,4,13,4,0,11,11,9,35,21,21,33,-2,0
capped-random,1041,8,1,2,2,2,4,3,15,4,0,12,14,15,35,25,26,22,1,2
capped-random,1042,8,3,1,2,2,3,2,14,4,0,4,12,15,38,31,27,22,3,8
capped-random,1043,8,2,2,3,3,4,3,17,4,0,9,13,19,35,27,23,17,6,4
capped-random,1044,8,2,0,2,2,3,2,14,4,0,4,8,17,40,36,28,18,9,4
capped-random,1045,8,2,3,1,1,2,2,11,3,0,4,4,13,39,36,36,22,9,0
capped-random,1046,8,2,1,2,2,4,4,11,4,0,14,14,17,34,23,23,19,3,0
capped-random,1047,8,3,2,2,2,3,3,14,4,0,12,12,12,37,26,26,27,0,0
capped-random,1048,8,2,0,2,2,6,6,17,5,0,18,18,24,37,23,23,16,6,0
capped-random,1049,8,1,2,2,2,4,4,15,5,0,19,19,19,37,16,16,15,0,0
capped-random,1050,8,3,1,2,2,4,4,15,5,0,21,21,25,37,17,17,12,4,0
capped-random,1051,8,0,2,1,1,4,4,13,4,0,13,13,18,38,25,25,19,5,0
capped-random,1052,8,2,1,1,1,4,4,17,5,0,16,16,19,28,15,15,16,3,0
capped-random,1053,8,2,0,1,1,4,4,13,4,0,14,14,15,40,28,28,21,1,0
capped-random,1054,8,1,1,2,2,3,2,14,4,0,5,17,15,36,31,22,24,-2,12
capped-random,1055,8,0,1,2,2,4,4,15,4,0,13,13,15,34,26,26,20,2,0
capped-random,1056,8,0,2,1,1,4,4,13,4,0,12,12,12,34,23,23,28,0,0
capped-random,1057,8,3,2,1,1,4,4,13,4,0,17,17,18,33,18,18,14,1,0
capped-random,1058,8,1,0,1,1,3,3,13,4,0,17,17,25,37,23,23,15,8,0
capped-random,1059,8,3,1,1,1,2,2,11,3,0,7,7,7,33,27,27,27,0,0
capped-random,1060,8,3,0,1,1,3,3,13,4,0,11,11,18,40,27,27,20,7,0
capped-random,1061,8,1,1,1,1,3,3,13,4,0,8,8,11,35,26,26,23,3,0
capped-random,1062,8,1,1,2,2,4,4,15,4,0,16,16,16,31,20,20,20,0,0
capped-random,1063,8,2,0,3,3,4,3,17,4,0,12,14,14,37,24,20,21,0,2
capped-random,1064,8,1,2,2,2,3,2,14,4,0,7,10,14,37,31,25,24,4,3
capped-random,1065,8,2,3,2,2,4,4,15,5,0,13,19,16,37,23,18,17,-3,6
capped-random,1066,8,2,1,2,2,4,3,15,4,0,16,7,15,42,24,26,21,8,-9
capped-random,1067,8,1,1,2,2,2,2,12,3,0,10,7,13,32,26,26,22,6,-3
capped-random,1068,8,3,2,2,2,4,4,15,4,0,10,10,14,43,24,24,18,4,0
capped-random,1069,8,2,0,1,1,4,4,13,4,0,6,6,12,40,28,28,23,6,0
capped-random,1070,8,2,2,1,1,1,1,10,2,0,0,0,0,35,35,35,35,0,0
capped-random,1071,8,2,2,2,2,4,3,11,4,0,10,9,11,40,28,26,17,2,-1
capped-random,1072,8,2,0,1,1,3,3,13,4,0,9,9,13,36,27,27,20,4,0
capped-random,1073,8,3,1,1,1,4,4,13,5,0,17,17,20,37,19,19,15,3,0
capped-random,1074,8,2,2,2,2,3,3,14,4,0,13,13,14,36,20,20,21,1,0
capped-random,1075,8,2,3,3,3,4,3,17,4,0,12,11,19,41,32,26,16,8,-1
capped-random,1076,8,1,3,1,1,3,3,13,4,0,15,15,16,37,23,23,22,1,0
capped-random,1077,8,0,3,1,1,1,1,10,2,0,0,0,0,38,38,38,38,0,0
capped-random,1078,8,1,1,1,1,6,6,13,5,0,20,20,22,35,18,18,16,2,0
capped-random,1079,8,1,3,1,1,3,3,13,4,0,5,5,12,43,37,37,25,7,0
capped-random,1080,8,2,3,2,2,4,4,19,5,0,10,17,23,40,30,18,16,6,7
capped-random,1081,8,1,2,1,1,6,6,13,5,0,18,18,19,38,21,21,18,1,0
capped-random,1082,8,1,2,2,2,3,2,14,4,0,6,12,16,31,28,18,17,4,6
capped-random,1083,8,1,0,1,1,6,6,13,5,0,21,21,22,37,16,16,16,1,0
capped-random,1084,8,0,3,2,2,3,3,14,4,0,8,8,12,37,20,20,30,4,0
capped-random,1085,8,1,3,1,1,6,6,13,5,0,21,21,21,35,18,18,18,0,0
capped-random,1086,8,3,1,3,3,4,4,21,5,0,16,16,18,34,19,19,20,2,0
capped-random,1087,8,2,3,4,4,4,3,14,4,0,11,9,15,34,19,25,14,6,-2
capped-random,1088,8,0,1,2,2,4,3,11,4,0,11,13,20,37,26,23,19,7,2
capped-random,1089,8,3,1,2,2,6,3,15,5,0,14,20,24,34,20,15,11,4,6
capped-random,1090,8,1,3,2,2,4,3,11,4,0,8,8,10,36,29,28,25,2,0
capped-random,1091,8,0,2,2,2,4,4,11,4,0,17,17,18,32,18,18,18,1,0
capped-random,1092,8,2,3,1,1,4,4,13,5,0,18,18,20,40,19,19,13,2,0
capped-random,1093,8,3,1,1,1,4,4,13,4,0,12,12,18,33,24,24,19,6,0
capped-random,1094,8,2,1,3,3,4,3,21,5,0,12,17,23,32,21,15,15,6,5
capped-random,1095,8,3,1,2,2,6,6,19,5,0,18,18,20,31,14,14,12,2,0
capped-random,1096,8,0,1,1,1,3,3,13,4,0,7,7,17,38,30,30,17,10,0
capped-random,1097,8,3,0,2,2,2,2,12,3,0,5,5,12,34,28,28,22,7,0
capped-random,1098,8,0,3,2,2,3,2,14,4,0,6,13,21,37,32,22,16,8,7
capped-random,1099,8,3,2,1,1,3,3,13,4,0,15,15,16,33,20,20,18,1,0
capped-random,1100,8,1,1,1,1,4,4,17,5,0,19,19,22,35,17,17,17,3,0
capped-random,1101,8,3,0,2,2,3,3,16,4,0,14,14,19,33,21,21,12,5,0
capped-random,1102,8,3,1,1,1,6,6,17,5,0,22,22,24,39,17,17,15,2,0
capped-random,1103,8,0,1,2,2,4,3,15,4,0,12,14,18,35,23,24,20,4,2
capped-random,1104,8,0,0,1,1,2,2,11,3,0,4,4,9,35,29,29,23,5,0
capped-random,1105,8,0,1,1,1,6,6,13,5,0,20,20,22,31,13,13,13,2,0
capped-random,1106,8,1,3,1,1,2,2,11,3,0,5,5,15,36,33,33,27,10,0
capped-random,1107,8,1,0,2,2,3,3,14,4,0,9,9,11,41,24,24,19,2,0
capped-random,1108,8,2,0,1,1,4,4,9,4,0,7,7,18,37,29,29,20,11,0
capped-random,1109,8,1,3,1,1,3,3,13,4,0,17,17,21,37,25,25,16,4,0
capped-random,1110,8,3,2,4,4,4,3,14,4,0,11,11,19,37,24,28,15,8,0
capped-random,1111,8,1,3,1,1,3,3,13,4,0,13,13,17,39,26,26,18,4,0
capped-random,1112,8,2,0,1,1,3,3,13,4,0,15,15,20,37,22,22,17,5,0
capped-random,1113,8,2,1,2,2,3,2,14,4,0,4,12,10,37,32,21,18,-2,8
capped-random,1114,8,2,3,2,2,4,4,19,5,0,16,16,19,37,20,20,19,3,0
capped-random,1115,8,0,2,2,2,2,2,8,3,0,5,7,21,37,28,31,15,14,2
capped-random,1116,8,0,1,2,2,4,3,15,4,0,12,10,20,33,26,25,19,10,-2
capped-random,1117,8,2,2,2,2,2,2,12,3,0,8,8,19,40,33,33,18,11,0
capped-random,1118,8,2,3,1,1,6,6,13,5,0,20,20,21,40,20,20,17,1,0
capped-random,1119,8,3,3,2,2,4,4,15,4,0,9,9,16,37,29,29,22,7,0
capped-random,1120,8,0,1,3,3,4,3,17,4,0,12,13,19,34,23,23,15,6,1
capped-random,1121,8,3,1,2,2,4,4,11,4,0,9,9,15,37,27,27,18,6,0
capped-random,1122,8,2,0,1,1,4,4,9,4,0,12,12,19,38,21,21,16,7,0
capped-random,1123,8,0,3,1,1,6,6,13,5,0,13,13,21,39,23,23,16,8,0
capped-random,1124,8,2,0,2,2,4,4,15,4,0,12,12,16,36,27,27,22,4,0
capped-random,1125,8,0,1,1,1,3,3,9,4,0,13,13,14,33,25,25,24,1,0
capped-random,1126,8,2,3,1,1,2,2,11,3,0,7,7,22,38,31,31,16,15,0
capped-random,1127,8,3,0,1,1,3,3,13,4,0,11,11,19,36,26,26,20,8,0
capped-random,1128,8,1,1,2,2,6,3,15,5,0,14,21,26,36,23,17,15,5,7
capped-random,1129,8,0,1,1,1,4,4,9,4,0,12,12,19,34,26,26,23,7,0
capped-random,1130,8,0,3,3,3,4,3,17,4,0,9,8,10,34,26,27,25,2,-1
capped-random,1131,8,2,1,2,2,4,3,11,4,0,12,9,15,40,27,26,20,6,-3
capped-random,1132,8,1,0,2,2,3,3,16,4,0,8,8,15,37,29,29,20,7,0
capped-random,1133,8,3,2,2,2,3,3,14,4,0,14,14,16,38,28,28,21,2,0
capped-random,1134,8,3,2,2,2,4,4,19,5,0,12,19,19,36,26,17,17,0,7
capped-random,1135,8,2,0,2,2,2,2,12,3,0,11,5,18,37,26,33,12,13,-6
capped-random,1136,8,1,0,2,2,4,3,15,4,0,9,8,14,39,27,33,21,6,-1
capped-random,1137,8,0,3,2,2,4,4,15,4,0,12,12,19,36,29,29,23,7,0
capped-random,1138,8,1,0,2,2,3,3,14,4,0,13,13,20,34,24,24,17,7,0
capped-random,1139,8,3,3,2,2,4,3,15,4,0,11,8,15,38,25,29,18,7,-3
capped-random,1140,8,2,1,3,3,4,4,21,5,0,17,17,18,34,17,17,16,1,0
capped-random,1141,8,2,3,2,2,2,2,12,3,0,6,7,13,39,35,33,24,6,1
capped-random,1142,8,0,1,3,3,4,3,17,4,0,15,9,17,40,25,28,21,8,-6
capped-random,1143,8,1,3,2,2,3,3,14,4,0,11,11,14,35,25,25,22,3,0
capped-random,1144,8,2,3,2,2,2,2,12,3,0,7,7,10,35,31,31,29,3,0
capped-random,1145,8,3,0,1,1,6,6,13,5,0,12,12,16,42,23,23,19,4,0
capped-random,1146,8,3,0,2,2,3,3,14,4,0,15,15,17,37,24,24,23,2,0
capped-random,1147,8,0,3,1,1,4,4,13,5,0,17,17,21,32,15,15,14,4,0
capped-random,1148,8,0,1,1,1,3,3,13,4,0,11,11,9,34,24,24,23,-2,0
capped-random,1149,8,1,0,1,1,2,2,11,3,0,6,6,14,36,32,32,26,8,0
capped-random,1150,8,3,2,2,2,4,4,15,4,0,14,14,19,38,26,26,20,5,0
capped-random,1151,8,3,1,1,1,2,2,11,3,0,4,4,4,32,23,23,23,0,0
capped-random,1152,8,1,0,2,2,2,2,8,3,0,6,4,15,36,30,33,21,11,-2
capped-random,1153,8,1,2,1,1,4,4,9,4,0,13,13,23,29,19,19,13,10,0
capped-random,1154,8,3,1,2,2,6,6,15,5,0,23,23,24,38,15,15,14,1,0
capped-random,1155,8,3,3,1,1,3,3,13,4,0,11,11,16,41,26,26,19,5,0
capped-random,1156,8,2,0,1,1,3,3,13,4,0,12,12,16,39,26,26,24,4,0
capped-random,1157,8,3,2,1,1,4,4,13,5,0,17,17,18,40,20,20,16,1,0
capped-random,1158,8,1,3,3,3,4,3,13,4,0,10,13,18,33,22,20,17,5,3
capped-random,1159,8,0,2,1,1,4,4,9,4,0,12,12,13,35,27,27,19,1,0
capped-random,1160,8,3,1,1,1,4,4,13,5,0,13,13,15,34,20,20,19,2,0
capped-random,1161,8,3,2,2,2,4,3,15,4,0,11,9,12,35,24,26,22,3,-2
capped-random,1162,8,1,0,1,1,6,6,13,5,0,22,22,23,37,18,18,17,1,0
capped-random,1163,8,3,2,2,2,3,2,14,4,0,7,18,15,37,29,25,25,-3,11
capped-random,1164,8,2,1,1,1,4,4,13,4,0,8,8,18,41,26,26,17,10,0
capped-random,1165,8,3,3,1,1,4,4,13,5,0,17,17,23,33,15,15,13,6,0
capped-random,1166,8,1,1,2,2,3,3,14,4,0,10,10,13,37,25,25,26,3,0
capped-random,1167,8,2,1,2,2,4,4,15,4,0,9,9,18,36,26,26,20,9,0
capped-random,1168,8,1,3,3,3,4,3,13,4,0,11,9,13,39,28,21,21,4,-2
capped-random,1169,8,3,3,1,1,3,3,9,4,0,12,12,14,38,27,27,24,2,0
capped-random,1170,8,0,3,1,1,2,2,11,3,0,4,4,10,35,33,33,29,6,0
capped-random,1171,8,1,2,1,1,2,2,11,3,0,6,6,8,35,29,29,27,2,0
capped-random,1172,8,3,1,1,1,4,4,9,4,0,21,21,23,31,20,20,19,2,0
capped-random,1173,8,1,0,2,2,6,6,17,5,0,17,17,20,35,15,15,12,3,0
capped-random,1174,8,3,0,2,2,3,3,14,4,0,12,12,18,35,25,25,20,6,0
capped-random,1175,8,0,0,2,2,4,4,15,4,0,14,14,19,40,23,23,19,5,0
capped-random,1176,8,0,0,2,2,6,6,17,5,0,23,22,24,38,18,19,17,2,-1
capped-random,1177,8,2,1,1,1,4,4,13,4,0,9,9,12,44,31,31,22,3,0
capped-random,1178,8,1,1,3,3,4,4,21,5,0,20,20,25,37,16,16,12,5,0
capped-random,1179,8,2,2,2,2,6,4,17,5,0,19,19,14,34,19,16,24,-5,0
capped-random,1180,8,1,1,2,2,4,4,15,4,0,9,9,21,36,26,26,18,12,0
capped-random,1181,8,1,0,1,1,6,6,13,5,0,17,17,15,34,21,21,20,-2,0
capped-random,1182,8,3,2,1,1,3,3,13,4,0,11,11,18,39,23,23,16,7,0
capped-random,1183,8,1,2,2,2,6,6,17,5,0,16,16,19,37,19,19,15,3,0
capped-random,1184,8,2,2,1,1,2,2,11,3,0,4,4,11,37,34,34,28,7,0
capped-random,1185,8,2,2,2,2,4,3,11,4,0,12,13,13,36,27,26,22,0,1
capped-random,1186,8,1,1,1,1,6,6,13,5,0,15,15,16,33,15,15,13,1,0
capped-random,1187,8,0,3,1,1,3,3,13,4,0,13,13,17,35,24,24,24,4,0
capped-random,1188,8,1,1,2,2,2,2,12,3,0,4,4,17,40,36,36,20,13,0
capped-random,1189,8,3,1,1,1,4,4,9,4,0,13,13,23,39,24,24,12,10,0
capped-random,1190,8,0,2,2,2,4,4,15,4,0,9,9,18,30,23,23,15,9,0
capped-random,1191,8,2,2,1,1,3,3,13,4,0,13,13,23,36,22,22,13,10,0
capped-random,1192,8,3,0,2,2,4,4,15,4,0,20,20,24,31,18,18,15,4,0
capped-random,1193,8,0,2,1,1,6,6,13,5,0,22,22,22,34,12,12,12,0,0
capped-random,1194,8,3,1,2,2,3,2,14,4,0,5,12,13,39,36,26,26,1,7
capped-random,1195,8,0,0,2,2,3,3,14,4,0,12,12,10,35,25,25,25,-2,0
capped-random,1196,8,3,2,1,1,6,6,13,5,0,19,19,24,35,17,17,13,5,0
capped-random,1197,8,1,0,1,1,3,3,13,4,0,13,13,19,36,26,26,19,6,0
capped-random,1198,8,1,1,1,1,4,4,13,4,0,12,12,15,34,22,22,21,3,0
capped-random,1199,8,3,1,2,2,4,4,15,4,0,10,10,20,33,24,24,18,10,0
capped-random,1200,8,1,0,2,2,4,4,20,5,0,20,20,22,36,17,17,15,2,0
capped-random,1201,8,0,1,1,1,4,4,13,4,0,9,9,21,38,26,26,20,12,0
capped-random,1202,8,1,0,1,1,6,6,17,5,0,20,20,20,38,17,17,17,0,0
capped-random,1203,8,0,2,2,2,2,2,12,3,0,1,9,15,43,35,35,20,6,8
capped-random,1204,8,3,2,1,1,4,4,13,4,0,15,15,20,39,26,26,19,5,0
capped-random,1205,8,0,1,4,4,4,4,18,5,0,20,20,17,39,19,19,20,-3,0
capped-random,1206,8,3,0,2,2,4,4,11,4,0,11,11,21,38,27,27,14,10,0
capped-random,1207,8,0,2,3,3,4,3,17,4,0,13,17,20,37,25,24,20,3,4
capped-random,1208,8,3,0,1,1,2,2,11,3,0,5,5,17,39,32,32,25,12,0
capped-random,1209,8,1,3,3,3,4,3,21,5,0,16,18,18,40,27,19,18,0,2
capped-random,1210,8,0,2,2,2,3,3,14,4,0,15,15,20,33,20,20,17,5,0
capped-random,1211,8,1,2,2,2,4,4,19,5,0,14,19,22,38,19,19,14,3,5
capped-random,1212,8,0,2,3,3,4,3,17,4,0,11,15,19,32,20,19,16,4,4
capped-random,1213,8,3,2,2,2,4,4,15,4,0,13,13,17,37,27,27,20,4,0
capped-random,1214,8,3,1,1,1,3,3,13,4,0,13,13,13,34,24,24,24,0,0
capped-random,1215,8,0,2,3,3,4,3,13,4,0,15,10,21,39,26,27,20,11,-5
capped-random,1216,8,0,2,1,1,3,3,13,4,0,11,11,21,35,23,23,16,10,0
capped-random,1217,8,3,1,2,2,4,4,15,4,0,10,10,14,39,29,29,22,4,0
capped-random,1218,8,1,1,1,1,4,4,13,4,0,4,4,11,40,30,30,25,7,0
capped-random,1219,8,1,0,3,3,4,3,17,4,0,11,9,12,39,24,32,24,3,-2
capped-random,1220,8,3,0,2,2,6,6,15,5,0,17,17,19,32,16,16,15,2,0
capped-random,1221,8,3,1,2,2,6,6,15,5,0,22,22,25,37,15,15,13,3,0
capped-random,1222,8,3,2,1,1,4,4,13,4,0,9,9,16,37,26,26,19,7,0
capped-random,1223,8,2,3,1,1,3,3,13,4,0,12,12,16,34,25,25,22,4,0
capped-random,1224,8,2,1,1,1,6,6,17,5,0,20,20,19,37,15,15,16,-1,0
capped-random,1225,8,2,3,1,1,4,4,9,4,0,10,10,17,36,26,26,23,7,0
capped-random,1226,8,2,0,2,2,3,3,14,4,0,17,17,24,32,19,19,14,7,0
capped-random,1227,8,2,3,2,2,4,3,15,4,0,8,9,19,40,26,25,16,10,1
capped-random,1228,8,0,0,2,2,4,3,11,4,0,13,12,19,37,26,24,19,7,-1
capped-random,1229,8,1,2,3,3,4,4,21,5,0,20,20,16,36,17,17,19,-4,0
capped-random,1230,8,2,2,2,2,6,6,19,5,0,18,18,21,31,18,18,16,3,0
capped-random,1231,8,3,3,2,2,2,2,12,3,0,5,5,9,35,31,31,26,4,0
capped-random,1232,8,2,2,1,1,4,4,13,5,0,19,19,25,38,19,19,14,6,0
capped-random,1233,8,3,2,1,1,3,3,13,4,0,15,15,14,40,25,25,13,-1,0
capped-random,1234,8,2,1,2,2,4,3,15,4,0,11,14,19,39,28,26,18,5,3
capped-random,1235,8,2,0,2,2,2,2,12,3,0,5,5,14,40,37,37,19,9,0
capped-random,1236,8,2,0,2,2,3,3,16,4,0,9,9,15,33,21,21,19,6,0
capped-random,1237,8,2,1,1,1,3,3,13,4,0,9,9,18,37,24,24,15,9,0
capped-random,1238,8,2,2,3,3,4,3,17,4,0,12,14,21,33,23,25,19,7,2
capped-random,1239,8,1,2,1,1,2,2,11,3,0,5,5,10,37,29,29,26,5,0
