dimension,profiles_per_owner,edges,seed,search_states,safe_complete,unsafe_pruned,frontier_size,product_mass,guard_terms,solver_wall_ns
2,3,3,2354,5,2,5,1,2,3,241624
2,3,3,2355,5,2,7,1,2,3,201874
2,3,3,2356,5,2,7,1,2,3,153031
2,3,3,2357,5,2,7,1,2,3,149215
2,3,3,2358,5,2,5,1,2,3,162635
2,3,3,2359,5,2,7,1,2,3,262897
2,3,3,2360,4,1,8,1,1,2,136015
2,3,3,2361,5,2,5,1,2,3,162895
2,3,3,2362,5,2,5,1,2,3,137557
2,3,3,2363,5,2,5,1,2,3,143507
2,3,6,2405,9,4,12,1,3,4,234613
2,3,6,2406,9,4,12,1,3,4,187993
2,3,6,2407,11,6,10,2,4,4,229756
2,3,6,2408,9,4,12,1,3,4,225400
2,3,6,2409,9,4,12,1,3,4,197027
2,3,6,2410,7,2,14,1,2,3,196666
2,3,6,2411,7,2,14,1,2,3,199651
2,3,6,2412,8,3,13,2,2,3,358561
2,3,6,2413,9,4,12,1,3,4,219190
2,3,6,2414,9,4,12,1,3,4,200803
2,4,4,2472,7,2,19,1,2,3,247473
2,4,4,2473,5,2,15,1,2,3,223046
2,4,4,2474,10,8,1,1,4,5,196987
2,4,4,2475,7,2,19,1,2,3,279151
2,4,4,2476,10,1,63,1,1,2,358811
2,4,4,2477,5,2,9,1,2,3,206050
2,4,4,2478,6,1,32,1,1,2,271359
2,4,4,2479,5,2,15,1,2,3,212090
2,4,4,2480,5,2,15,1,2,3,223797
2,4,4,2481,7,2,19,1,2,3,253051
2,4,8,2540,13,4,60,1,4,4,508967
2,4,8,2541,15,6,58,2,4,4,556699
2,4,8,2542,14,5,59,2,3,4,762088
2,4,8,2543,12,3,61,2,2,3,540935
2,4,8,2544,14,5,59,2,3,4,523880
2,4,8,2545,13,8,25,1,4,5,482527
2,4,8,2546,14,5,59,2,3,4,620105
2,4,8,2547,13,4,60,1,3,4,577981
2,4,8,2548,11,2,62,1,2,3,760065
2,4,8,2549,21,12,52,3,4,5,649909
2,5,5,2590,11,2,71,1,2,3,594065
2,5,5,2591,7,2,19,1,2,3,276096
2,5,5,2592,11,2,71,1,2,3,589949
2,5,5,2593,7,2,35,1,2,3,422887
2,5,5,2594,6,1,36,1,1,2,394234
2,5,5,2595,5,2,17,1,2,3,307674
2,5,5,2596,8,3,34,2,2,3,419722
2,5,5,2597,7,4,29,1,3,4,430910
2,5,5,2598,10,5,16,2,3,4,284328
2,5,5,2599,9,4,61,1,3,4,493123
2,5,8,2641,15,6,67,2,4,4,804583
2,5,8,2642,11,2,127,1,2,3,1042150
2,5,8,2643,16,7,122,2,3,4,1041370
2,5,8,2644,19,10,119,2,4,5,1224125
2,5,8,2645,22,5,251,2,3,4,1529635
2,5,8,2646,20,3,253,2,2,3,1537647
2,5,8,2647,13,4,125,1,3,4,1035370
2,5,8,2648,11,2,127,1,2,3,1218226
2,5,8,2649,14,5,124,2,3,4,960908
2,5,8,2650,14,5,124,2,3,4,937763
2,6,6,2708,7,2,35,1,2,3,423939
2,6,6,2709,13,8,61,1,4,5,793115
2,6,6,2710,12,3,134,2,2,3,1037323
2,6,6,2711,7,2,67,1,2,3,742449
2,6,6,2712,10,1,136,1,1,2,942981
2,6,6,2713,14,9,28,2,4,5,539432
2,6,6,2714,9,4,33,1,3,4,444089
2,6,6,2715,11,6,31,2,4,4,501405
2,6,6,2716,9,4,65,1,3,4,730530
2,6,6,2717,13,4,133,1,3,4,1266268
2,6,8,2742,13,8,29,1,6,5,737381
2,6,8,2743,12,3,134,2,2,3,1194660
2,6,8,2744,21,4,269,1,3,4,1869788
2,6,8,2745,19,2,511,1,2,3,2648231
2,6,8,2746,20,3,270,2,2,3,2018542
2,6,8,2747,18,1,512,1,1,2,2665597
2,6,8,2748,20,11,246,2,4,5,1758860
2,6,8,2749,17,8,129,3,4,4,1182231
2,6,8,2750,19,2,271,1,2,3,1982608
2,6,8,2751,17,8,249,1,4,5,1636746
2,7,7,2826,20,3,270,2,2,3,1729286
2,7,7,2827,20,3,270,2,2,3,1800683
2,7,7,2828,19,2,527,1,2,3,3294834
2,7,7,2829,21,4,269,1,3,4,2075747
2,7,7,2830,18,1,272,1,1,2,1648975
2,7,7,2831,19,2,271,1,2,3,1787534
2,7,7,2832,13,4,133,1,3,4,1087869
2,7,7,2833,13,4,133,1,4,4,1194149
2,7,7,2834,12,3,262,2,2,3,2006524
2,7,7,2835,34,1,1056,1,1,2,5467208
2,7,8,2843,19,2,527,1,2,3,3240333
2,7,8,2844,14,5,132,2,3,4,1448042
2,7,8,2845,19,2,271,1,2,3,1925741
2,7,8,2846,14,5,260,2,3,4,2069208
2,7,8,2847,17,8,257,1,4,5,2218563
2,7,8,2848,25,8,265,1,4,5,2198693
2,7,8,2849,11,2,135,1,2,3,1122251
2,7,8,2850,22,5,268,2,3,4,2119564
2,7,8,2851,35,2,1055,1,2,3,5521180
2,7,8,2852,19,2,271,1,2,3,45747643
2,8,8,2944,21,4,525,1,3,4,3499794
2,8,8,2945,18,1,528,1,1,2,3196487
2,8,8,2946,19,2,271,1,2,3,1787183
2,8,8,2947,11,2,263,1,2,3,2055417
2,8,8,2948,11,2,135,1,2,3,1921756
2,8,8,2949,19,2,527,1,2,3,3890102
2,8,8,2950,20,3,270,2,2,3,1835566
2,8,8,2951,35,2,1055,1,2,3,5654490
2,8,8,2952,19,2,271,1,2,3,1835205
2,8,8,2953,13,4,133,1,3,4,1122472
3,3,8,2100,15,4,30,3,2,4,468766
3,3,8,2101,10,3,18,2,2,4,347834
3,3,8,2102,16,3,37,2,2,4,483889
3,3,8,2103,11,2,26,1,2,4,386503
3,3,8,2104,10,1,27,1,1,3,309246
3,3,8,2105,11,2,26,1,2,4,332521
3,3,8,2106,16,2,41,1,2,4,444499
3,3,8,2107,10,1,27,1,1,3,329006
3,3,8,2108,8,2,17,1,2,4,279951
3,3,8,2109,11,2,26,1,2,4,510970
3,3,8,2110,18,3,43,2,2,4,496538
3,3,8,2111,19,2,50,1,2,4,512252
3,3,8,2112,17,2,44,1,2,4,455717
3,3,8,2113,14,3,31,2,2,4,398651
3,3,8,2114,12,5,16,2,3,5,378770
3,3,8,2115,9,2,19,1,2,4,314003
3,3,8,2116,10,1,27,1,1,3,362216
3,3,8,2117,20,7,33,3,4,5,482617
3,3,8,2118,11,3,22,2,2,4,342526
3,3,8,2119,12,5,16,2,4,5,395526
